nombre_concierto,artista,genero,fecha,recinto,direccion,codigo_postal,ciudad,provincia,pais,latitud,longitud
Tablao Flamenco 1911: El Tablao Más Antiguo del Mundo,Tablao Flamenco 1911,World,2026-09-29,Tablao Flamenco 1911,"Pl. de Sta. Ana, 15, Centro,",28012,Madrid,Madrid,Spain,41.38152,1.56931
Tablao Flamenco 1911: El Tablao Más Antiguo del Mundo,Tablao Flamenco 1911,World,2026-09-30,Tablao Flamenco 1911,"Pl. de Sta. Ana, 15, Centro,",28012,Madrid,Madrid,Spain,41.38152,1.56931
Tablao Flamenco 1911: El Tablao Más Antiguo del Mundo,Tablao Flamenco 1911,World,2026-10-01,Tablao Flamenco 1911,"Pl. de Sta. Ana, 15, Centro,",28012,Madrid,Madrid,Spain,41.38152,1.56931
Placebo - 30th Anniversary Tour | VIP Packages,Placebo,Rock,2026-10-01,Movistar Arena,"Av. Felipe II, s/n",28009,Madrid,Madrid,Spain,40.42394,-3.6758
Placebo - 30th Anniversary Tour,Placebo,Rock,2026-10-01,Movistar Arena,"Av. Felipe II, s/n",28009,Madrid,Madrid,Spain,40.42394,-3.6758
Blood Red Shoes,Blood Red Shoes,Rock,2026-10-01,Moby Dick Club,"Av. de Brasil, 5",28020,Madrid,Madrid,Spain,40.45449,-3.69404
Tablao Flamenco 1911: El Tablao Más Antiguo del Mundo,Tablao Flamenco 1911,World,2026-10-02,Tablao Flamenco 1911,"Pl. de Sta. Ana, 15, Centro,",28012,Madrid,Madrid,Spain,41.38152,1.56931
SHAKIRA - LAS MUJERES YA NO LLORAN - RESIDENCIA EUROPEA,Shakira,Latin,2026-10-02,ESTADIO SHAKIRA(Iberdrola Music),C/ Laguna Dalga,28021,Madrid,Madrid,Spain,40.32866,-3.71094
Blood Red Shoes,Blood Red Shoes,Rock,2026-10-02,Sala Azkena,"Ibáñez de Bilbao Kalea, 26",48009,Bilbao,Biscay,Spain,43.26368,-2.92993
Tablao Flamenco 1911: El Tablao Más Antiguo del Mundo,Tablao Flamenco 1911,World,2026-10-03,Tablao Flamenco 1911,"Pl. de Sta. Ana, 15, Centro,",28012,Madrid,Madrid,Spain,41.38152,1.56931
SHAKIRA - LAS MUJERES YA NO LLORAN - RESIDENCIA EUROPEA,Shakira,Latin,2026-10-03,ESTADIO SHAKIRA(Iberdrola Music),C/ Laguna Dalga,28021,Madrid,Madrid,Spain,40.32866,-3.71094
Shakira,Shakira,World,2026-10-03,Shakira Stadium,C/ Laguna Dalga,28001,Madrid,Tarragona,Spain,0,0
Placebo - 30th Anniversary Tour,Placebo,Rock,2026-10-03,Sant Jordi Club,"Passeig Olímpic, 5-7",08038,Barcelona,Barcelona,Spain,41.36323,2.15257
Placebo - 30th Anniversary Tour | VIP Packages,Placebo,Rock,2026-10-03,Sant Jordi Club,"Passeig Olímpic, 5-7",08038,Barcelona,Barcelona,Spain,41.36323,2.15257
Hombres G - Los Mejores Años de nuestra vida | VIP Packages,Hombres G,Rock,2026-10-03,Palau Sant Jordi,"Passeig Olímpic, 5-7",08038,Barcelona,Barcelona,Spain,41.36337,2.15259
Hombres G - Los Mejores Años de nuestra vida,Hombres G,Rock,2026-10-03,Palau Sant Jordi,"Passeig Olímpic, 5-7",08038,Barcelona,Barcelona,Spain,41.36337,2.15259
Blood Red Shoes,Blood Red Shoes,Rock,2026-10-03,Sala Razzmatazz 3,"Carrer de Pamplona, 88",08018,Barcelona,Barcelona,Spain,41.39701,2.19147
Tablao Flamenco 1911: El Tablao Más Antiguo del Mundo,Tablao Flamenco 1911,World,2026-10-04,Tablao Flamenco 1911,"Pl. de Sta. Ana, 15, Centro,",28012,Madrid,Madrid,Spain,41.38152,1.56931
"Piano Jazz Café de la Ópera, El Café de la Ópera",Piano Jazz Café de la Ópera; El Café de la Ópera,Jazz,2026-10-04,El Café de la Ópera,"C. de Arrieta, 6",,Madrid,Madrid,Spain,40.41877,-3.71017
SHAKIRA - LAS MUJERES YA NO LLORAN - RESIDENCIA EUROPEA,Shakira,Latin,2026-10-04,ESTADIO SHAKIRA(Iberdrola Music),C/ Laguna Dalga,28021,Madrid,Madrid,Spain,40.32866,-3.71094
Tablao Flamenco 1911: El Tablao Más Antiguo del Mundo,Tablao Flamenco 1911,World,2026-10-05,Tablao Flamenco 1911,"Pl. de Sta. Ana, 15, Centro,",28012,Madrid,Madrid,Spain,41.38152,1.56931
Tablao Flamenco 1911: El Tablao Más Antiguo del Mundo,Tablao Flamenco 1911,World,2026-10-06,Tablao Flamenco 1911,"Pl. de Sta. Ana, 15, Centro,",28012,Madrid,Madrid,Spain,41.38152,1.56931
Spotify Nuevo Urbano,Spotify Nuevo Urbano; C Marí; Kristina; Juicy Bae; Xiyo y Fernandezz,Rock,2026-10-06,Sala Shoko,"Calle de Toledo, 86",28005,Madrid,Madrid,Spain,40.4088,-3.71069
"Gondwana, Quique Neira",Gondwana; Quique Neira,World,2026-10-06,La Riviera,"Paseo Bajo de la Virgen del Puerto, s/n",28005,Madrid,Madrid,Spain,40.413,-3.72215
Tablao Flamenco 1911: El Tablao Más Antiguo del Mundo,Tablao Flamenco 1911,World,2026-10-07,Tablao Flamenco 1911,"Pl. de Sta. Ana, 15, Centro,",28012,Madrid,Madrid,Spain,41.38152,1.56931
Then Jerico - Barcelona,Then Jerico,Rock,2026-10-07,WOLF,"Carrer dels Almogàvers, 88",08018,Barcelona,Barcelona,Spain,41.39589,2.18859
Tablao Flamenco 1911: El Tablao Más Antiguo del Mundo,Tablao Flamenco 1911,World,2026-10-08,Tablao Flamenco 1911,"Pl. de Sta. Ana, 15, Centro,",28012,Madrid,Madrid,Spain,41.38152,1.56931
El Tri,El Tri,Rock,2026-10-08,La Riviera,"Paseo Bajo de la Virgen del Puerto, s/n",28005,Madrid,Madrid,Spain,40.413,-3.72215
Tablao Flamenco 1911: El Tablao Más Antiguo del Mundo,Tablao Flamenco 1911,World,2026-10-09,Tablao Flamenco 1911,"Pl. de Sta. Ana, 15, Centro,",28012,Madrid,Madrid,Spain,41.38152,1.56931
SHAKIRA - LAS MUJERES YA NO LLORAN - RESIDENCIA EUROPEA,Shakira,Latin,2026-10-09,ESTADIO SHAKIRA(Iberdrola Music),C/ Laguna Dalga,28021,Madrid,Madrid,Spain,40.32866,-3.71094
Orishas,Orishas,Other,2026-10-09,Pandora Sevilla,"C. Gramil, 2",41008,Sevilla,Seville,Spain,37.40457,-5.96256
Tablao Flamenco 1911: El Tablao Más Antiguo del Mundo,Tablao Flamenco 1911,World,2026-10-10,Tablao Flamenco 1911,"Pl. de Sta. Ana, 15, Centro,",28012,Madrid,Madrid,Spain,41.38152,1.56931
SHAKIRA - LAS MUJERES YA NO LLORAN - RESIDENCIA EUROPEA,Shakira,Latin,2026-10-10,ESTADIO SHAKIRA(Iberdrola Music),C/ Laguna Dalga,28021,Madrid,Madrid,Spain,40.32866,-3.71094
"Una Cena Cantada, El Café de la Ópera",Una Cena Cantada; El Café de la Ópera,Classical,2026-10-10,El Café de la Ópera,"C. de Arrieta, 6",,Madrid,Madrid,Spain,40.41877,-3.71017
Then Jerico - Málaga,Then Jerico,Rock,2026-10-10,Sala Roka,"C. Leda, 1",29006,Málaga,Málaga,Spain,41.39064,1.55963
Gonzalo Alhambra,Gonzalo Alhambra,Rock,2026-10-10,Sala Vesta,"C. del Barquillo, 29",28004,Madrid,Madrid,Spain,40.42298,-3.69564
I La Vieja Guardia Metal Fest,La Vieja Guardia Metal Fest,Metal,2026-10-10,Sala Filomatic,"Rúa San José, 21",15002,A Coruña,La Corunna,Spain,43.37443,-8.39801
Tablao Flamenco 1911: El Tablao Más Antiguo del Mundo,Tablao Flamenco 1911,World,2026-10-11,Tablao Flamenco 1911,"Pl. de Sta. Ana, 15, Centro,",28012,Madrid,Madrid,Spain,41.38152,1.56931
SHAKIRA - LAS MUJERES YA NO LLORAN - RESIDENCIA EUROPEA,Shakira,Latin,2026-10-11,ESTADIO SHAKIRA(Iberdrola Music),C/ Laguna Dalga,28021,Madrid,Madrid,Spain,40.32866,-3.71094
Tablao Flamenco 1911: El Tablao Más Antiguo del Mundo,Tablao Flamenco 1911,World,2026-10-12,Tablao Flamenco 1911,"Pl. de Sta. Ana, 15, Centro,",28012,Madrid,Madrid,Spain,41.38152,1.56931
Raul Clyde,Raul Clyde,Latin,2026-10-12,Auditorio Roig Arena,"Calle Bomber Ramon Duart, 12",46013,Valencia,Valencia,Spain,39.44961,-0.36339
Tablao Flamenco 1911: El Tablao Más Antiguo del Mundo,Tablao Flamenco 1911,World,2026-10-13,Tablao Flamenco 1911,"Pl. de Sta. Ana, 15, Centro,",28012,Madrid,Madrid,Spain,41.38152,1.56931
Tablao Flamenco 1911: El Tablao Más Antiguo del Mundo,Tablao Flamenco 1911,World,2026-10-14,Tablao Flamenco 1911,"Pl. de Sta. Ana, 15, Centro,",28012,Madrid,Madrid,Spain,41.38152,1.56931
Tablao Flamenco 1911: El Tablao Más Antiguo del Mundo,Tablao Flamenco 1911,World,2026-10-15,Tablao Flamenco 1911,"Pl. de Sta. Ana, 15, Centro,",28012,Madrid,Madrid,Spain,41.38152,1.56931
The Velvet Hands - Off The Record Live Series,The Velvet Hands,Rock,2026-10-15,Jamboree,"Plaça Reial, 17",08002,Barcelona,Barcelona,Spain,41.37971,2.17528
Emma Swift & Luther Russell,Emma Swift,Rock,2026-10-15,Aclam Club,"Carrer del Consell de Cent, 201",08011,Barcelona,Barcelona,Spain,41.38444,2.15667
Tablao Flamenco 1911: El Tablao Más Antiguo del Mundo,Tablao Flamenco 1911,World,2026-10-16,Tablao Flamenco 1911,"Pl. de Sta. Ana, 15, Centro,",28012,Madrid,Madrid,Spain,41.38152,1.56931
Homenatge a Grant Green & Jimmy D’Aquisto amb Josep Traver Organ Trio,Homenaje a Grant Green & Jimmy D'Aquisto,Classical,2026-10-16,Aclam Club,"Carrer del Consell de Cent, 201",08011,Barcelona,Barcelona,Spain,41.38444,2.15667
Gonzalo Alhambra,Gonzalo Alhambra,Rock,2026-10-16,New Fizz,"Carrer de Balmes, 83",08008,Barcelona,Barcelona,Spain,41.39097,2.07783
The New Raemon,The New Raemon,Alternative,2026-10-16,La Nau,"Carrer d'Àlaba, 30",08005,Barcelona,Barcelona,Spain,41.39417,2.19727
Tablao Flamenco 1911: El Tablao Más Antiguo del Mundo,Tablao Flamenco 1911,World,2026-10-17,Tablao Flamenco 1911,"Pl. de Sta. Ana, 15, Centro,",28012,Madrid,Madrid,Spain,41.38152,1.56931
Elioht - No pares de soñar (Gira 2026),Elioht,Pop,2026-10-17,Hotel Utopía,"Calle Dr. Rafael Bernal, 32",11190,Benalup-Casas Viejas,Cádiz,Spain,36.3438,-5.8128
Tablao Flamenco 1911: El Tablao Más Antiguo del Mundo,Tablao Flamenco 1911,World,2026-10-18,Tablao Flamenco 1911,"Pl. de Sta. Ana, 15, Centro,",28012,Madrid,Madrid,Spain,41.38152,1.56931
Tablao Flamenco 1911: El Tablao Más Antiguo del Mundo,Tablao Flamenco 1911,World,2026-10-19,Tablao Flamenco 1911,"Pl. de Sta. Ana, 15, Centro,",28012,Madrid,Madrid,Spain,41.38152,1.56931
Tablao Flamenco 1911: El Tablao Más Antiguo del Mundo,Tablao Flamenco 1911,World,2026-10-20,Tablao Flamenco 1911,"Pl. de Sta. Ana, 15, Centro,",28012,Madrid,Madrid,Spain,41.38152,1.56931
The Strokes - Reality Awaits,The Strokes; Fat White Family; Alex Cameron,Rock,2026-10-20,Palau Sant Jordi,"Passeig Olímpic, 5-7",08038,Barcelona,Barcelona,Spain,41.36337,2.15259
Tablao Flamenco 1911: El Tablao Más Antiguo del Mundo,Tablao Flamenco 1911,World,2026-10-21,Tablao Flamenco 1911,"Pl. de Sta. Ana, 15, Centro,",28012,Madrid,Madrid,Spain,41.38152,1.56931
Band of Horses - Celebrating 20 Years of Everything All The Time,Band of Horses,Rock,2026-10-21,Sala Razzmatazz 1,"C. Almogàvers, 122",08018,Barcelona,Barcelona,Spain,41.39772,2.19111
Tablao Flamenco 1911: El Tablao Más Antiguo del Mundo,Tablao Flamenco 1911,World,2026-10-22,Tablao Flamenco 1911,"Pl. de Sta. Ana, 15, Centro,",28012,Madrid,Madrid,Spain,41.38152,1.56931
Festa Presentació Vida Festival 2027: La Publicitat & Bernal,Vida Records & Friends; Vida Festival,Alternative,2026-10-22,Antiga Fàbrica Estrella Damm,"Carrer del Rosselló, 515",08025,Barcelona,Barcelona,Spain,41.40941,2.17799
Band of Horses - Celebrating 20 Years of Everything All The Time,Band of Horses,Rock,2026-10-22,La Riviera,"Paseo Bajo de la Virgen del Puerto, s/n",28005,Madrid,Madrid,Spain,40.413,-3.72215
Will Hoge,Will Hoge,Rock,2026-10-22,Aclam Club,"Carrer del Consell de Cent, 201",08011,Barcelona,Barcelona,Spain,41.38444,2.15667
Fontaines D.C. - D.C. EU TOUR 2026,Fontaines D.C.,Rock,2026-10-22,Movistar Arena,"Av. Felipe II, s/n",28009,Madrid,Madrid,Spain,40.42394,-3.6758
Tablao Flamenco 1911: El Tablao Más Antiguo del Mundo,Tablao Flamenco 1911,World,2026-10-23,Tablao Flamenco 1911,"Pl. de Sta. Ana, 15, Centro,",28012,Madrid,Madrid,Spain,41.38152,1.56931
Biel Ballester Quintet,Biel Ballester Quintet,Classical,2026-10-23,Aclam Club,"Carrer del Consell de Cent, 201",08011,Barcelona,Barcelona,Spain,41.38444,2.15667
Tablao Flamenco 1911: El Tablao Más Antiguo del Mundo,Tablao Flamenco 1911,World,2026-10-24,Tablao Flamenco 1911,"Pl. de Sta. Ana, 15, Centro,",28012,Madrid,Madrid,Spain,41.38152,1.56931
20/20 · Power Pop Icons,20/20 Power Pop Icons,Pop,2026-10-24,Aclam Club,"Carrer del Consell de Cent, 201",08011,Barcelona,Barcelona,Spain,41.38444,2.15667
DECLAN WELSH & THE DECADENT WEST,Declan Welsh and the Decadent West,Rock,2026-10-24,WOLF,"Carrer dels Almogàvers, 88",08018,Barcelona,Barcelona,Spain,41.39589,2.18859
Fontaines D.C. - D.C. EU TOUR 2026,Fontaines D.C.,Rock,2026-10-24,Sant Jordi Club,"Passeig Olímpic, 5-7",08038,Barcelona,Barcelona,Spain,41.36323,2.15257
Anastacia - #NTKTOUR2026,Anastacia,Rock,2026-10-24,Gijón Arena,,33024,Gijón,Asturias,Spain,43.53142,-5.66845
Anastacia - #NTKTOUR2026 | VIP Packages,Anastacia,Rock,2026-10-24,Gijón Arena,,33024,Gijón,Asturias,Spain,43.53142,-5.66845
ANABEL LEE - Todas las vidas - A Coruña,Anabel Lee,Rock,2026-10-24,Sala Mardi Gras,"Travesía Torre, 8",15002,A Coruña,La Corunna,Spain,43.37465,-8.39814
ELYELLA - Lo más importante - Valencia,Elyella,Dance/Electronic,2026-10-24,Palau Alameda,"Carrer de l''Arquitecte Mora, 2",46010,Valencia,Valencia,Spain,39.47268,-0.365
Tablao Flamenco 1911: El Tablao Más Antiguo del Mundo,Tablao Flamenco 1911,World,2026-10-25,Tablao Flamenco 1911,"Pl. de Sta. Ana, 15, Centro,",28012,Madrid,Madrid,Spain,41.38152,1.56931
Twanguero,Twanguero,World,2026-10-25,Aclam Club,"Carrer del Consell de Cent, 201",08011,Barcelona,Barcelona,Spain,41.38444,2.15667
DECLAN WELSH & THE DECADENT WEST,Declan Welsh and the Decadent West,Rock,2026-10-25,Sala El Sol,"C. Jardines, 3",28013,Madrid,Madrid,Spain,40.41906,-3.70163
Niall Horan: Dinner Party Live On Tour,Niall Horan,Rock,2026-10-25,Palau Sant Jordi,"Passeig Olímpic, 5-7",08038,Barcelona,Barcelona,Spain,41.36337,2.15259
Tablao Flamenco 1911: El Tablao Más Antiguo del Mundo,Tablao Flamenco 1911,World,2026-10-26,Tablao Flamenco 1911,"Pl. de Sta. Ana, 15, Centro,",28012,Madrid,Madrid,Spain,41.38152,1.56931
Tablao Flamenco 1911: El Tablao Más Antiguo del Mundo,Tablao Flamenco 1911,World,2026-10-27,Tablao Flamenco 1911,"Pl. de Sta. Ana, 15, Centro,",28012,Madrid,Madrid,Spain,41.38152,1.56931
FINOJET Concierto en Barcelona,Finojet,Pop,2026-10-27,Razzmatazz 3,"Carrer de Pamplona, 88",08018,Barcelona,Barcelona,Spain,41.39701,2.19147
Tablao Flamenco 1911: El Tablao Más Antiguo del Mundo,Tablao Flamenco 1911,World,2026-10-28,Tablao Flamenco 1911,"Pl. de Sta. Ana, 15, Centro,",28012,Madrid,Madrid,Spain,41.38152,1.56931
FINOJET Concierto en Madrid,Finojet,Pop,2026-10-28,Moby Dick Club,"Av. de Brasil, 5",28020,Madrid,Madrid,Spain,40.45449,-3.69404
Tablao Flamenco 1911: El Tablao Más Antiguo del Mundo,Tablao Flamenco 1911,World,2026-10-29,Tablao Flamenco 1911,"Pl. de Sta. Ana, 15, Centro,",28012,Madrid,Madrid,Spain,41.38152,1.56931
Pyramidiacs,Pyramidiacs,Pop,2026-10-29,Aclam Club,"Carrer del Consell de Cent, 201",08011,Barcelona,Barcelona,Spain,41.38444,2.15667
Tablao Flamenco 1911: El Tablao Más Antiguo del Mundo,Tablao Flamenco 1911,World,2026-10-30,Tablao Flamenco 1911,"Pl. de Sta. Ana, 15, Centro,",28012,Madrid,Madrid,Spain,41.38152,1.56931
Dimash,Dimash Qudaibergen,Other,2026-10-30,Palacio Vistalegre,Acceso Sur. C/ Matilde Hernández s/n,28025,Madrid,Madrid,Spain,40.386,-3.7385
Tori Sparks,Tori Sparks,Rock,2026-10-30,Aclam Club,"Carrer del Consell de Cent, 201",08011,Barcelona,Barcelona,Spain,41.38444,2.15667
Tablao Flamenco 1911: El Tablao Más Antiguo del Mundo,Tablao Flamenco 1911,World,2026-10-31,Tablao Flamenco 1911,"Pl. de Sta. Ana, 15, Centro,",28012,Madrid,Madrid,Spain,41.38152,1.56931
Tablao Flamenco 1911: El Tablao Más Antiguo del Mundo,Tablao Flamenco 1911,World,2026-11-01,Tablao Flamenco 1911,"Pl. de Sta. Ana, 15, Centro,",28012,Madrid,Madrid,Spain,41.38152,1.56931
Tablao Flamenco 1911: El Tablao Más Antiguo del Mundo,Tablao Flamenco 1911,World,2026-11-02,Tablao Flamenco 1911,"Pl. de Sta. Ana, 15, Centro,",28012,Madrid,Madrid,Spain,41.38152,1.56931
ElGrandeToto,ElGrandeToto,Rock,2026-11-02,Sala Wagon,"Estación de Chamartín, Planta Ático",28036,Madrid,Madrid,Spain,40.47144,-3.682
Tablao Flamenco 1911: El Tablao Más Antiguo del Mundo,Tablao Flamenco 1911,World,2026-11-03,Tablao Flamenco 1911,"Pl. de Sta. Ana, 15, Centro,",28012,Madrid,Madrid,Spain,41.38152,1.56931
ElGrandeToto,ElGrandeToto,Rock,2026-11-03,Sala Razzmatazz 1,"C. Almogàvers, 122",08018,Barcelona,Barcelona,Spain,41.39772,2.19111
Tablao Flamenco 1911: El Tablao Más Antiguo del Mundo,Tablao Flamenco 1911,World,2026-11-04,Tablao Flamenco 1911,"Pl. de Sta. Ana, 15, Centro,",28012,Madrid,Madrid,Spain,41.38152,1.56931
Pitbull - I'm Back!,Pitbull; Lil Jon,Rock,2026-11-04,Palau Sant Jordi,"Passeig Olímpic, 5-7",08038,Barcelona,Barcelona,Spain,41.36337,2.15259
Tablao Flamenco 1911: El Tablao Más Antiguo del Mundo,Tablao Flamenco 1911,World,2026-11-05,Tablao Flamenco 1911,"Pl. de Sta. Ana, 15, Centro,",28012,Madrid,Madrid,Spain,41.38152,1.56931
Pitbull - I'm Back!,Pitbull; Lil Jon,Rock,2026-11-05,Movistar Arena,"Av. Felipe II, s/n",28009,Madrid,Madrid,Spain,40.42394,-3.6758
Tablao Flamenco 1911: El Tablao Más Antiguo del Mundo,Tablao Flamenco 1911,World,2026-11-06,Tablao Flamenco 1911,"Pl. de Sta. Ana, 15, Centro,",28012,Madrid,Madrid,Spain,41.38152,1.56931
Tablao Flamenco 1911: El Tablao Más Antiguo del Mundo,Tablao Flamenco 1911,World,2026-11-07,Tablao Flamenco 1911,"Pl. de Sta. Ana, 15, Centro,",28012,Madrid,Madrid,Spain,41.38152,1.56931
Lion Rock Fest,Lion Rock Fest,Undefined,2026-11-07,Palacio de Exposiciones de León,Calle Gómez Salazar,24009,León,León,Spain,42.59372,-5.58639
Joe Bonamassa - 2026 EUROPE TOUR,Joe Bonamassa,Blues,2026-11-07,Sant Jordi Club,"Passeig Olímpic, 5-7",08038,Barcelona,Barcelona,Spain,41.36323,2.15257
Tablao Flamenco 1911: El Tablao Más Antiguo del Mundo,Tablao Flamenco 1911,World,2026-11-08,Tablao Flamenco 1911,"Pl. de Sta. Ana, 15, Centro,",28012,Madrid,Madrid,Spain,41.38152,1.56931
Joe Bonamassa - 2026 EUROPE TOUR,Joe Bonamassa,Blues,2026-11-08,Palacio Vistalegre,Acceso Sur. C/ Matilde Hernández s/n,28025,Madrid,Madrid,Spain,40.386,-3.7385
Tablao Flamenco 1911: El Tablao Más Antiguo del Mundo,Tablao Flamenco 1911,World,2026-11-09,Tablao Flamenco 1911,"Pl. de Sta. Ana, 15, Centro,",28012,Madrid,Madrid,Spain,41.38152,1.56931
Yandel,Yandel,Latin,2026-11-09,Movistar Arena,"Av. Felipe II, s/n",28009,Madrid,Madrid,Spain,40.42394,-3.6758
Tablao Flamenco 1911: El Tablao Más Antiguo del Mundo,Tablao Flamenco 1911,World,2026-11-10,Tablao Flamenco 1911,"Pl. de Sta. Ana, 15, Centro,",28012,Madrid,Madrid,Spain,41.38152,1.56931
ARLO PARKS - DESIRE TOUR,Arlo Parks; Baird,Hip-Hop/Rap,2026-11-10,La Riviera,"Paseo Bajo de la Virgen del Puerto, s/n",28005,Madrid,Madrid,Spain,40.413,-3.72215
Colin James,Colin James,Blues,2026-11-10,Sala Clamores,"Calle de Alburquerque, 14",28010,Madrid,Madrid,Spain,40.43119,-3.70099
Tablao Flamenco 1911: El Tablao Más Antiguo del Mundo,Tablao Flamenco 1911,World,2026-11-11,Tablao Flamenco 1911,"Pl. de Sta. Ana, 15, Centro,",28012,Madrid,Madrid,Spain,41.38152,1.56931
Tablao Flamenco 1911: El Tablao Más Antiguo del Mundo,Tablao Flamenco 1911,World,2026-11-12,Tablao Flamenco 1911,"Pl. de Sta. Ana, 15, Centro,",28012,Madrid,Madrid,Spain,41.38152,1.56931
ELS MEMORABLES presenten BROADWAY–BARCELONA,Broadway Calls,Rock,2026-11-12,Aclam Club,"Carrer del Consell de Cent, 201",08011,Barcelona,Barcelona,Spain,41.38444,2.15667
St. Paul and the Broken Bones,St. Paul and the Broken Bones,R&B,2026-11-12,Auditorio Roig Arena,"Calle Bomber Ramon Duart, 12",46013,Valencia,Valencia,Spain,39.44961,-0.36339
Tablao Flamenco 1911: El Tablao Más Antiguo del Mundo,Tablao Flamenco 1911,World,2026-11-13,Tablao Flamenco 1911,"Pl. de Sta. Ana, 15, Centro,",28012,Madrid,Madrid,Spain,41.38152,1.56931
Sisa Còsmic,Sisa Còsmic,Folk,2026-11-13,Aclam Club,"Carrer del Consell de Cent, 201",08011,Barcelona,Barcelona,Spain,41.38444,2.15667
Johnny Irion + Tess Liautaud,Johnny Irion,Folk,2026-11-13,Aclam Club,"Carrer del Consell de Cent, 201",08011,Barcelona,Barcelona,Spain,41.38444,2.15667
ARLO PARKS - DESIRE TOUR,Arlo Parks; Baird,Hip-Hop/Rap,2026-11-13,Sala Apolo,"C. Nou de la Rambla, 113",08004,Barcelona,Barcelona,Spain,41.37441,2.16953
Yandel,Yandel,Latin,2026-11-13,Movistar Arena,"Av. Felipe II, s/n",28009,Madrid,Madrid,Spain,40.42394,-3.6758
The Gnomes,The Gnomes,Rock,2026-11-13,Fun House,"Calle de Palafox, 8,",28010,Madrid,Madrid,Spain,40.43137,-3.70114
Tablao Flamenco 1911: El Tablao Más Antiguo del Mundo,Tablao Flamenco 1911,World,2026-11-14,Tablao Flamenco 1911,"Pl. de Sta. Ana, 15, Centro,",28012,Madrid,Madrid,Spain,41.38152,1.56931
ELYELLA - Lo más importante - Barcelona,Elyella,Dance/Electronic,2026-11-14,Sala Razzmatazz 1,"C. Almogàvers, 122",08018,Barcelona,Barcelona,Spain,41.39772,2.19111
ANABEL LEE - Todas las vidas - Bilbao,Anabel Lee,Rock,2026-11-14,Sala Azkena,"Ibáñez de Bilbao Kalea, 26",48009,Bilbao,Biscay,Spain,43.26368,-2.92993
Hombres G - Los Mejores Años de nuestra vida | VIP Packages,Hombres G,Rock,2026-11-14,Roig Arena,"C/ del Bomber Ramon Duart, 12",46013,Valencia,Valencia,Spain,39.44949,-0.3661
Hombres G - Los Mejores Años de nuestra vida,Hombres G,Rock,2026-11-14,Roig Arena,"C/ del Bomber Ramon Duart, 12",46013,Valencia,Valencia,Spain,39.44949,-0.3661
Tablao Flamenco 1911: El Tablao Más Antiguo del Mundo,Tablao Flamenco 1911,World,2026-11-15,Tablao Flamenco 1911,"Pl. de Sta. Ana, 15, Centro,",28012,Madrid,Madrid,Spain,41.38152,1.56931
Jack & Jack: SYN/ANTI EUROPE 2026,Jack & Jack,Rock,2026-11-15,Independance Club,"Calle de Atocha, 125",28012,Madrid,Madrid,Spain,40.40966,-3.69262
Tablao Flamenco 1911: El Tablao Más Antiguo del Mundo,Tablao Flamenco 1911,World,2026-11-16,Tablao Flamenco 1911,"Pl. de Sta. Ana, 15, Centro,",28012,Madrid,Madrid,Spain,41.38152,1.56931
Jack & Jack: SYN/ANTI EUROPE 2026,Jack & Jack,Rock,2026-11-16,Sala Razzmatazz 2,"Carrer de Pamplona, 88",08018,Barcelona,Barcelona,Spain,41.39701,2.19147
Tablao Flamenco 1911: El Tablao Más Antiguo del Mundo,Tablao Flamenco 1911,World,2026-11-17,Tablao Flamenco 1911,"Pl. de Sta. Ana, 15, Centro,",28012,Madrid,Madrid,Spain,41.38152,1.56931
Tablao Flamenco 1911: El Tablao Más Antiguo del Mundo,Tablao Flamenco 1911,World,2026-11-18,Tablao Flamenco 1911,"Pl. de Sta. Ana, 15, Centro,",28012,Madrid,Madrid,Spain,41.38152,1.56931
Artemas - LOVERCORE / GETTING UP TO NO GOOD Tour,Artemas; Henry Morris; Ella Boh,Alternative,2026-11-18,Sala Apolo,"C. Nou de la Rambla, 113",08004,Barcelona,Barcelona,Spain,41.37441,2.16953
Tablao Flamenco 1911: El Tablao Más Antiguo del Mundo,Tablao Flamenco 1911,World,2026-11-19,Tablao Flamenco 1911,"Pl. de Sta. Ana, 15, Centro,",28012,Madrid,Madrid,Spain,41.38152,1.56931
THE K´S,The K's,Rock,2026-11-19,Moby Dick Club,"Av. de Brasil, 5",28020,Madrid,Madrid,Spain,40.45449,-3.69404
ANABEL LEE - Todas las vidas - León,Anabel Lee,Rock,2026-11-19,Gran Café de León,"Calle Cervantes, 7",24003,León,León,Spain,42.59898,-5.56919
Tablao Flamenco 1911: El Tablao Más Antiguo del Mundo,Tablao Flamenco 1911,World,2026-11-20,Tablao Flamenco 1911,"Pl. de Sta. Ana, 15, Centro,",28012,Madrid,Madrid,Spain,41.38152,1.56931
Tablao Flamenco 1911: El Tablao Más Antiguo del Mundo,Tablao Flamenco 1911,World,2026-11-21,Tablao Flamenco 1911,"Pl. de Sta. Ana, 15, Centro,",28012,Madrid,Madrid,Spain,41.38152,1.56931
ELYELLA - Madrid - La Riviera,Elyella,Dance/Electronic,2026-11-21,La Riviera,"Paseo Bajo de la Virgen del Puerto, s/n",28005,Madrid,Madrid,Spain,40.413,-3.72215
ANABEL LEE - Todas las vidas - Valladolid,Anabel Lee,Rock,2026-11-21,El Desierto Rojo,"C. de las Doncellas, 5",47002,Valladolid,Valladolid,Spain,41.65202,-4.80443
Hombres G - Los Mejores Años de nuestra vida,Hombres G,Rock,2026-11-21,Pabellón Príncipe Felipe,"Av. de Cesáreo Alierta, 120",50013,Zaragoza,Saragossa,Spain,41.63527,-0.8661
Hombres G - Los Mejores Años de nuestra vida | VIP Packages,Hombres G,Rock,2026-11-21,Pabellón Príncipe Felipe,"Av. de Cesáreo Alierta, 120",50013,Zaragoza,Saragossa,Spain,41.63527,-0.8661
Tablao Flamenco 1911: El Tablao Más Antiguo del Mundo,Tablao Flamenco 1911,World,2026-11-22,Tablao Flamenco 1911,"Pl. de Sta. Ana, 15, Centro,",28012,Madrid,Madrid,Spain,41.38152,1.56931
Massive Noise Collective,Massive Noise Collective,Pop,2026-11-22,Aclam Club,"Carrer del Consell de Cent, 201",08011,Barcelona,Barcelona,Spain,41.38444,2.15667
Polyphia: BE NOT AFRAID World Tour,Polyphia; Perturbator; RJ Pasin,Rock,2026-11-22,Sala Razzmatazz 1,"C. Almogàvers, 122",08018,Barcelona,Barcelona,Spain,41.39772,2.19111
Tablao Flamenco 1911: El Tablao Más Antiguo del Mundo,Tablao Flamenco 1911,World,2026-11-23,Tablao Flamenco 1911,"Pl. de Sta. Ana, 15, Centro,",28012,Madrid,Madrid,Spain,41.38152,1.56931
Polyphia: BE NOT AFRAID World Tour,Polyphia; Perturbator; RJ Pasin,Rock,2026-11-23,La Riviera,"Paseo Bajo de la Virgen del Puerto, s/n",28005,Madrid,Madrid,Spain,40.413,-3.72215
MNEK - THE!! BULLDOZER!! TOUR!!,MNEK,Rock,2026-11-23,Sala Razzmatazz 3,"Carrer de Pamplona, 88",08018,Barcelona,Barcelona,Spain,41.39701,2.19147
Tablao Flamenco 1911: El Tablao Más Antiguo del Mundo,Tablao Flamenco 1911,World,2026-11-24,Tablao Flamenco 1911,"Pl. de Sta. Ana, 15, Centro,",28012,Madrid,Madrid,Spain,41.38152,1.56931
Kingfishr - Europe 2026,Kingfishr,Rock,2026-11-24,Sala Apolo,"C. Nou de la Rambla, 113",08004,Barcelona,Barcelona,Spain,41.37441,2.16953
HATSUNE MIKU - MIKU EXPO 2026 EUROPE,Hatsune Miku,Dance/Electronic,2026-11-24,Palacio Vistalegre,Acceso Sur. C/ Matilde Hernández s/n,28025,Madrid,Madrid,Spain,40.386,-3.7385
Tablao Flamenco 1911: El Tablao Más Antiguo del Mundo,Tablao Flamenco 1911,World,2026-11-25,Tablao Flamenco 1911,"Pl. de Sta. Ana, 15, Centro,",28012,Madrid,Madrid,Spain,41.38152,1.56931
Kingfishr - Europe 2026,Kingfishr,Rock,2026-11-25,Sala Wagon,"Estación de Chamartín, Planta Ático",28036,Madrid,Madrid,Spain,40.47144,-3.682
HATSUNE MIKU - MIKU EXPO 2026 EUROPE | VIP Packages,Hatsune Miku,Dance/Electronic,2026-11-25,Palacio Vistalegre,Acceso Sur. C/ Matilde Hernández s/n,28025,Madrid,Madrid,Spain,40.386,-3.7385
HATSUNE MIKU - MIKU EXPO 2026 EUROPE,Hatsune Miku,Dance/Electronic,2026-11-25,Palacio Vistalegre,Acceso Sur. C/ Matilde Hernández s/n,28025,Madrid,Madrid,Spain,40.386,-3.7385
Tablao Flamenco 1911: El Tablao Más Antiguo del Mundo,Tablao Flamenco 1911,World,2026-11-26,Tablao Flamenco 1911,"Pl. de Sta. Ana, 15, Centro,",28012,Madrid,Madrid,Spain,41.38152,1.56931
Festa Presentació Vida Festival 2027: Cervatana,Vida Records & Friends; Vida Festival,Alternative,2026-11-26,Antiga Fàbrica Estrella Damm,"Carrer del Rosselló, 515",08025,Barcelona,Barcelona,Spain,41.40941,2.17799
Haylen,Haylen,Blues,2026-11-26,Aclam Club,"Carrer del Consell de Cent, 201",08011,Barcelona,Barcelona,Spain,41.38444,2.15667
Tablao Flamenco 1911: El Tablao Más Antiguo del Mundo,Tablao Flamenco 1911,World,2026-11-27,Tablao Flamenco 1911,"Pl. de Sta. Ana, 15, Centro,",28012,Madrid,Madrid,Spain,41.38152,1.56931
Freya Skye - Stars Align Tour,Freya Skye; Alex Sampson,Rock,2026-11-27,Live Las Ventas,"Calle de Alcalá, 237",28028,Madrid,Madrid,Spain,40.43169,-3.66299
Tablao Flamenco 1911: El Tablao Más Antiguo del Mundo,Tablao Flamenco 1911,World,2026-11-28,Tablao Flamenco 1911,"Pl. de Sta. Ana, 15, Centro,",28012,Madrid,Madrid,Spain,41.38152,1.56931
Hombres G - Los Mejores Años de nuestra vida | VIP Packages,Hombres G,Rock,2026-11-28,Navarra Arena,"Plaza Aizagerria, nº 1",31006,Pamplona/Iruña,Navarre,Spain,42.79536,-1.63482
Hombres G - Los Mejores Años de nuestra vida,Hombres G,Rock,2026-11-28,Navarra Arena,"Plaza Aizagerria, nº 1",31006,Pamplona/Iruña,Navarre,Spain,42.79536,-1.63482
IBERDROLA MUSIC FESTIVAL VALENCIA - CONCIERTO ESTOPA,IBERDROLA MUSIC FESTIVAL VALENCIA; Estopa,Rock,2026-11-28,Roig Arena,"C/ del Bomber Ramon Duart, 12",46013,Valencia,Valencia,Spain,39.44949,-0.3661
Tablao Flamenco 1911: El Tablao Más Antiguo del Mundo,Tablao Flamenco 1911,World,2026-11-29,Tablao Flamenco 1911,"Pl. de Sta. Ana, 15, Centro,",28012,Madrid,Madrid,Spain,41.38152,1.56931
L´HAINE - El Odio Siempre Gana Tour,L´HAINE,Rock,2026-11-29,La Riviera,"Paseo Bajo de la Virgen del Puerto, s/n",28005,Madrid,Madrid,Spain,40.413,-3.72215
Grecas,Grecas,Rock,2026-11-29,Sant Jordi Club,"Passeig Olímpic, 5-7",08038,Barcelona,Barcelona,Spain,41.36323,2.15257
Tablao Flamenco 1911: El Tablao Más Antiguo del Mundo,Tablao Flamenco 1911,World,2026-11-30,Tablao Flamenco 1911,"Pl. de Sta. Ana, 15, Centro,",28012,Madrid,Madrid,Spain,41.38152,1.56931
Tablao Flamenco 1911: El Tablao Más Antiguo del Mundo,Tablao Flamenco 1911,World,2026-12-01,Tablao Flamenco 1911,"Pl. de Sta. Ana, 15, Centro,",28012,Madrid,Madrid,Spain,41.38152,1.56931
Tablao Flamenco 1911: El Tablao Más Antiguo del Mundo,Tablao Flamenco 1911,World,2026-12-02,Tablao Flamenco 1911,"Pl. de Sta. Ana, 15, Centro,",28012,Madrid,Madrid,Spain,41.38152,1.56931
Neal Sugarman Organ Combo,Neal Sugarman,Jazz,2026-12-02,Aclam Club,"Carrer del Consell de Cent, 201",08011,Barcelona,Barcelona,Spain,41.38444,2.15667
Tablao Flamenco 1911: El Tablao Más Antiguo del Mundo,Tablao Flamenco 1911,World,2026-12-03,Tablao Flamenco 1911,"Pl. de Sta. Ana, 15, Centro,",28012,Madrid,Madrid,Spain,41.38152,1.56931
Tablao Flamenco 1911: El Tablao Más Antiguo del Mundo,Tablao Flamenco 1911,World,2026-12-04,Tablao Flamenco 1911,"Pl. de Sta. Ana, 15, Centro,",28012,Madrid,Madrid,Spain,41.38152,1.56931
COMBICHRIST + XPQ-21,Combichrist; XPQ-21,Dance/Electronic,2026-12-04,Salamandra Sala 1,"Avda. del Carrilet, 235",08907,L'Hospitalet de Llobregat,Barcelona,Spain,41.36011,2.10917
Tablao Flamenco 1911: El Tablao Más Antiguo del Mundo,Tablao Flamenco 1911,World,2026-12-05,Tablao Flamenco 1911,"Pl. de Sta. Ana, 15, Centro,",28012,Madrid,Madrid,Spain,41.38152,1.56931
COMBICHRIST + XPQ-21,Combichrist; XPQ-21,Dance/Electronic,2026-12-05,Sala Nazca,"Calle de Orense, 24",28003,Madrid,Madrid,Spain,40.45146,-3.69482
THE SHEEPDOGS - Out All Night Tour,The Sheepdogs,Rock,2026-12-05,La 2 de Apolo,"Carrer Nou de la Rambla, 113",08004,Barcelona,Barcelona,Spain,41.37441,2.16953
Hombres G - Los Mejores Años de nuestra vida,Hombres G,Rock,2026-12-05,Coliseum,"C. Francisco Pérez Carballo, 2",15008,A Coruña,La Corunna,Spain,43.33846,-8.40904
Hombres G - Los Mejores Años de nuestra vida | VIP Packages,Hombres G,Rock,2026-12-05,Coliseum,"C. Francisco Pérez Carballo, 2",15008,A Coruña,La Corunna,Spain,43.33846,-8.40904
Tablao Flamenco 1911: El Tablao Más Antiguo del Mundo,Tablao Flamenco 1911,World,2026-12-06,Tablao Flamenco 1911,"Pl. de Sta. Ana, 15, Centro,",28012,Madrid,Madrid,Spain,41.38152,1.56931
THE SHEEPDOGS - Out All Night Tour,The Sheepdogs,Rock,2026-12-06,Sala But,"C. de Barceló, 11",28004,Madrid,Madrid,Spain,40.42703,-3.69969
Tablao Flamenco 1911: El Tablao Más Antiguo del Mundo,Tablao Flamenco 1911,World,2026-12-07,Tablao Flamenco 1911,"Pl. de Sta. Ana, 15, Centro,",28012,Madrid,Madrid,Spain,41.38152,1.56931
Tablao Flamenco 1911: El Tablao Más Antiguo del Mundo,Tablao Flamenco 1911,World,2026-12-08,Tablao Flamenco 1911,"Pl. de Sta. Ana, 15, Centro,",28012,Madrid,Madrid,Spain,41.38152,1.56931
Tablao Flamenco 1911: El Tablao Más Antiguo del Mundo,Tablao Flamenco 1911,World,2026-12-09,Tablao Flamenco 1911,"Pl. de Sta. Ana, 15, Centro,",28012,Madrid,Madrid,Spain,41.38152,1.56931
RIKAS,Rikas,Rock,2026-12-09,Sala Copérnico,"C. de Fernández de los Rios, 67",28015,Madrid,Madrid,Spain,40.43528,-3.71369
Tablao Flamenco 1911: El Tablao Más Antiguo del Mundo,Tablao Flamenco 1911,World,2026-12-10,Tablao Flamenco 1911,"Pl. de Sta. Ana, 15, Centro,",28012,Madrid,Madrid,Spain,41.38152,1.56931
RIKAS,Rikas,Rock,2026-12-10,La 2 de Apolo,"Carrer Nou de la Rambla, 113",08004,Barcelona,Barcelona,Spain,41.37441,2.16953
Tablao Flamenco 1911: El Tablao Más Antiguo del Mundo,Tablao Flamenco 1911,World,2026-12-11,Tablao Flamenco 1911,"Pl. de Sta. Ana, 15, Centro,",28012,Madrid,Madrid,Spain,41.38152,1.56931
Hombres G - Los Mejores Años de nuestra vida | VIP Packages,Hombres G,Rock,2026-12-11,Movistar Arena,"Av. Felipe II, s/n",28009,Madrid,Madrid,Spain,40.42394,-3.6758
Hombres G - Los Mejores Años de nuestra vida,Hombres G,Rock,2026-12-11,Movistar Arena,"Av. Felipe II, s/n",28009,Madrid,Madrid,Spain,40.42394,-3.6758
Grecas,Grecas,Rock,2026-12-11,Palacio Vistalegre,Acceso Sur. C/ Matilde Hernández s/n,28025,Madrid,Madrid,Spain,40.386,-3.7385
Tablao Flamenco 1911: El Tablao Más Antiguo del Mundo,Tablao Flamenco 1911,World,2026-12-12,Tablao Flamenco 1911,"Pl. de Sta. Ana, 15, Centro,",28012,Madrid,Madrid,Spain,41.38152,1.56931
Hombres G - Los Mejores Años de nuestra vida | VIP Packages,Hombres G,Rock,2026-12-12,Movistar Arena,"Av. Felipe II, s/n",28009,Madrid,Madrid,Spain,40.42394,-3.6758
Hombres G - Los Mejores Años de nuestra vida,Hombres G,Rock,2026-12-12,Movistar Arena,"Av. Felipe II, s/n",28009,Madrid,Madrid,Spain,40.42394,-3.6758
Tablao Flamenco 1911: El Tablao Más Antiguo del Mundo,Tablao Flamenco 1911,World,2026-12-13,Tablao Flamenco 1911,"Pl. de Sta. Ana, 15, Centro,",28012,Madrid,Madrid,Spain,41.38152,1.56931
Tablao Flamenco 1911: El Tablao Más Antiguo del Mundo,Tablao Flamenco 1911,World,2026-12-14,Tablao Flamenco 1911,"Pl. de Sta. Ana, 15, Centro,",28012,Madrid,Madrid,Spain,41.38152,1.56931
Tablao Flamenco 1911: El Tablao Más Antiguo del Mundo,Tablao Flamenco 1911,World,2026-12-15,Tablao Flamenco 1911,"Pl. de Sta. Ana, 15, Centro,",28012,Madrid,Madrid,Spain,41.38152,1.56931
Tablao Flamenco 1911: El Tablao Más Antiguo del Mundo,Tablao Flamenco 1911,World,2026-12-16,Tablao Flamenco 1911,"Pl. de Sta. Ana, 15, Centro,",28012,Madrid,Madrid,Spain,41.38152,1.56931
Tablao Flamenco 1911: El Tablao Más Antiguo del Mundo,Tablao Flamenco 1911,World,2026-12-17,Tablao Flamenco 1911,"Pl. de Sta. Ana, 15, Centro,",28012,Madrid,Madrid,Spain,41.38152,1.56931
Tablao Flamenco 1911: El Tablao Más Antiguo del Mundo,Tablao Flamenco 1911,World,2026-12-18,Tablao Flamenco 1911,"Pl. de Sta. Ana, 15, Centro,",28012,Madrid,Madrid,Spain,41.38152,1.56931
LOS 40DANCE,LOS40 DANCE Fiesta Aniversario; Jonas Blue,Dance/Electronic,2026-12-19,Live Las Ventas,"Calle de Alcalá, 237",28028,Madrid,Madrid,Spain,40.43169,-3.66299
Tablao Flamenco 1911: El Tablao Más Antiguo del Mundo,Tablao Flamenco 1911,World,2026-12-19,Tablao Flamenco 1911,"Pl. de Sta. Ana, 15, Centro,",28012,Madrid,Madrid,Spain,41.38152,1.56931
Tablao Flamenco 1911: El Tablao Más Antiguo del Mundo,Tablao Flamenco 1911,World,2026-12-20,Tablao Flamenco 1911,"Pl. de Sta. Ana, 15, Centro,",28012,Madrid,Madrid,Spain,41.38152,1.56931
Tablao Flamenco 1911: El Tablao Más Antiguo del Mundo,Tablao Flamenco 1911,World,2026-12-21,Tablao Flamenco 1911,"Pl. de Sta. Ana, 15, Centro,",28012,Madrid,Madrid,Spain,41.38152,1.56931
Tablao Flamenco 1911: El Tablao Más Antiguo del Mundo,Tablao Flamenco 1911,World,2026-12-22,Tablao Flamenco 1911,"Pl. de Sta. Ana, 15, Centro,",28012,Madrid,Madrid,Spain,41.38152,1.56931
Tablao Flamenco 1911: El Tablao Más Antiguo del Mundo,Tablao Flamenco 1911,World,2026-12-23,Tablao Flamenco 1911,"Pl. de Sta. Ana, 15, Centro,",28012,Madrid,Madrid,Spain,41.38152,1.56931
Tablao Flamenco 1911: El Tablao Más Antiguo del Mundo,Tablao Flamenco 1911,World,2026-12-24,Tablao Flamenco 1911,"Pl. de Sta. Ana, 15, Centro,",28012,Madrid,Madrid,Spain,41.38152,1.56931
Tablao Flamenco 1911: El Tablao Más Antiguo del Mundo,Tablao Flamenco 1911,World,2026-12-25,Tablao Flamenco 1911,"Pl. de Sta. Ana, 15, Centro,",28012,Madrid,Madrid,Spain,41.38152,1.56931
Tablao Flamenco 1911: El Tablao Más Antiguo del Mundo,Tablao Flamenco 1911,World,2026-12-26,Tablao Flamenco 1911,"Pl. de Sta. Ana, 15, Centro,",28012,Madrid,Madrid,Spain,41.38152,1.56931
Tablao Flamenco 1911: El Tablao Más Antiguo del Mundo,Tablao Flamenco 1911,World,2026-12-27,Tablao Flamenco 1911,"Pl. de Sta. Ana, 15, Centro,",28012,Madrid,Madrid,Spain,41.38152,1.56931
Tablao Flamenco 1911: El Tablao Más Antiguo del Mundo,Tablao Flamenco 1911,World,2026-12-28,Tablao Flamenco 1911,"Pl. de Sta. Ana, 15, Centro,",28012,Madrid,Madrid,Spain,41.38152,1.56931
Tablao Flamenco 1911: El Tablao Más Antiguo del Mundo,Tablao Flamenco 1911,World,2026-12-29,Tablao Flamenco 1911,"Pl. de Sta. Ana, 15, Centro,",28012,Madrid,Madrid,Spain,41.38152,1.56931
Tablao Flamenco 1911: El Tablao Más Antiguo del Mundo,Tablao Flamenco 1911,World,2026-12-30,Tablao Flamenco 1911,"Pl. de Sta. Ana, 15, Centro,",28012,Madrid,Madrid,Spain,41.38152,1.56931
Tablao Flamenco 1911: El Tablao Más Antiguo del Mundo,Tablao Flamenco 1911,World,2026-12-31,Tablao Flamenco 1911,"Pl. de Sta. Ana, 15, Centro,",28012,Madrid,Madrid,Spain,41.38152,1.56931
Tablao Flamenco 1911: El Tablao Más Antiguo del Mundo,Tablao Flamenco 1911,World,2027-01-01,Tablao Flamenco 1911,"Pl. de Sta. Ana, 15, Centro,",28012,Madrid,Madrid,Spain,41.38152,1.56931
Tablao Flamenco 1911: El Tablao Más Antiguo del Mundo,Tablao Flamenco 1911,World,2027-01-02,Tablao Flamenco 1911,"Pl. de Sta. Ana, 15, Centro,",28012,Madrid,Madrid,Spain,41.38152,1.56931
Tablao Flamenco 1911: El Tablao Más Antiguo del Mundo,Tablao Flamenco 1911,World,2027-01-03,Tablao Flamenco 1911,"Pl. de Sta. Ana, 15, Centro,",28012,Madrid,Madrid,Spain,41.38152,1.56931
Tablao Flamenco 1911: El Tablao Más Antiguo del Mundo,Tablao Flamenco 1911,World,2027-01-04,Tablao Flamenco 1911,"Pl. de Sta. Ana, 15, Centro,",28012,Madrid,Madrid,Spain,41.38152,1.56931
Tablao Flamenco 1911: El Tablao Más Antiguo del Mundo,Tablao Flamenco 1911,World,2027-01-05,Tablao Flamenco 1911,"Pl. de Sta. Ana, 15, Centro,",28012,Madrid,Madrid,Spain,41.38152,1.56931
Tablao Flamenco 1911: El Tablao Más Antiguo del Mundo,Tablao Flamenco 1911,World,2027-01-06,Tablao Flamenco 1911,"Pl. de Sta. Ana, 15, Centro,",28012,Madrid,Madrid,Spain,41.38152,1.56931
Tablao Flamenco 1911: El Tablao Más Antiguo del Mundo,Tablao Flamenco 1911,World,2027-01-07,Tablao Flamenco 1911,"Pl. de Sta. Ana, 15, Centro,",28012,Madrid,Madrid,Spain,41.38152,1.56931
Tablao Flamenco 1911: El Tablao Más Antiguo del Mundo,Tablao Flamenco 1911,World,2027-01-08,Tablao Flamenco 1911,"Pl. de Sta. Ana, 15, Centro,",28012,Madrid,Madrid,Spain,41.38152,1.56931
Tablao Flamenco 1911: El Tablao Más Antiguo del Mundo,Tablao Flamenco 1911,World,2027-01-09,Tablao Flamenco 1911,"Pl. de Sta. Ana, 15, Centro,",28012,Madrid,Madrid,Spain,41.38152,1.56931
Warcry - XXV Aniversario,Warcry,Other,2027-01-09,Movistar Arena,"Av. Felipe II, s/n",28009,Madrid,Madrid,Spain,40.42394,-3.6758
Tablao Flamenco 1911: El Tablao Más Antiguo del Mundo,Tablao Flamenco 1911,World,2027-01-10,Tablao Flamenco 1911,"Pl. de Sta. Ana, 15, Centro,",28012,Madrid,Madrid,Spain,41.38152,1.56931
Tablao Flamenco 1911: El Tablao Más Antiguo del Mundo,Tablao Flamenco 1911,World,2027-01-11,Tablao Flamenco 1911,"Pl. de Sta. Ana, 15, Centro,",28012,Madrid,Madrid,Spain,41.38152,1.56931
Tablao Flamenco 1911: El Tablao Más Antiguo del Mundo,Tablao Flamenco 1911,World,2027-01-12,Tablao Flamenco 1911,"Pl. de Sta. Ana, 15, Centro,",28012,Madrid,Madrid,Spain,41.38152,1.56931
Tablao Flamenco 1911: El Tablao Más Antiguo del Mundo,Tablao Flamenco 1911,World,2027-01-13,Tablao Flamenco 1911,"Pl. de Sta. Ana, 15, Centro,",28012,Madrid,Madrid,Spain,41.38152,1.56931
Mon Laferte,Mon Laferte,Latin,2027-01-13,Movistar Arena,"Av. Felipe II, s/n",28009,Madrid,Madrid,Spain,40.42394,-3.6758
Tablao Flamenco 1911: El Tablao Más Antiguo del Mundo,Tablao Flamenco 1911,World,2027-01-14,Tablao Flamenco 1911,"Pl. de Sta. Ana, 15, Centro,",28012,Madrid,Madrid,Spain,41.38152,1.56931
Tablao Flamenco 1911: El Tablao Más Antiguo del Mundo,Tablao Flamenco 1911,World,2027-01-15,Tablao Flamenco 1911,"Pl. de Sta. Ana, 15, Centro,",28012,Madrid,Madrid,Spain,41.38152,1.56931
Tablao Flamenco 1911: El Tablao Más Antiguo del Mundo,Tablao Flamenco 1911,World,2027-01-16,Tablao Flamenco 1911,"Pl. de Sta. Ana, 15, Centro,",28012,Madrid,Madrid,Spain,41.38152,1.56931
Tablao Flamenco 1911: El Tablao Más Antiguo del Mundo,Tablao Flamenco 1911,World,2027-01-17,Tablao Flamenco 1911,"Pl. de Sta. Ana, 15, Centro,",28012,Madrid,Madrid,Spain,41.38152,1.56931
Tablao Flamenco 1911: El Tablao Más Antiguo del Mundo,Tablao Flamenco 1911,World,2027-01-18,Tablao Flamenco 1911,"Pl. de Sta. Ana, 15, Centro,",28012,Madrid,Madrid,Spain,41.38152,1.56931
Tablao Flamenco 1911: El Tablao Más Antiguo del Mundo,Tablao Flamenco 1911,World,2027-01-19,Tablao Flamenco 1911,"Pl. de Sta. Ana, 15, Centro,",28012,Madrid,Madrid,Spain,41.38152,1.56931
Tablao Flamenco 1911: El Tablao Más Antiguo del Mundo,Tablao Flamenco 1911,World,2027-01-20,Tablao Flamenco 1911,"Pl. de Sta. Ana, 15, Centro,",28012,Madrid,Madrid,Spain,41.38152,1.56931
Tablao Flamenco 1911: El Tablao Más Antiguo del Mundo,Tablao Flamenco 1911,World,2027-01-21,Tablao Flamenco 1911,"Pl. de Sta. Ana, 15, Centro,",28012,Madrid,Madrid,Spain,41.38152,1.56931
Festa Presentació Vida Festival 2027: Chinese American Bear + Fuji?,Vida Records & Friends; Vida Festival,Alternative,2027-01-21,Antiga Fàbrica Estrella Damm,"Carrer del Rosselló, 515",08025,Barcelona,Barcelona,Spain,41.40941,2.17799
Tablao Flamenco 1911: El Tablao Más Antiguo del Mundo,Tablao Flamenco 1911,World,2027-01-22,Tablao Flamenco 1911,"Pl. de Sta. Ana, 15, Centro,",28012,Madrid,Madrid,Spain,41.38152,1.56931
Tablao Flamenco 1911: El Tablao Más Antiguo del Mundo,Tablao Flamenco 1911,World,2027-01-23,Tablao Flamenco 1911,"Pl. de Sta. Ana, 15, Centro,",28012,Madrid,Madrid,Spain,41.38152,1.56931
Dead Poet Society,Dead Poet Society,Rock,2027-01-23,Sala Wagon,"Estación de Chamartín, Planta Ático",28036,Madrid,Madrid,Spain,40.47144,-3.682
Tablao Flamenco 1911: El Tablao Más Antiguo del Mundo,Tablao Flamenco 1911,World,2027-01-24,Tablao Flamenco 1911,"Pl. de Sta. Ana, 15, Centro,",28012,Madrid,Madrid,Spain,41.38152,1.56931
Dead Poet Society,Dead Poet Society,Rock,2027-01-24,Sala Razzmatazz 2,"Carrer de Pamplona, 88",08018,Barcelona,Barcelona,Spain,41.39701,2.19147
Tablao Flamenco 1911: El Tablao Más Antiguo del Mundo,Tablao Flamenco 1911,World,2027-01-25,Tablao Flamenco 1911,"Pl. de Sta. Ana, 15, Centro,",28012,Madrid,Madrid,Spain,41.38152,1.56931
Tablao Flamenco 1911: El Tablao Más Antiguo del Mundo,Tablao Flamenco 1911,World,2027-01-26,Tablao Flamenco 1911,"Pl. de Sta. Ana, 15, Centro,",28012,Madrid,Madrid,Spain,41.38152,1.56931
Tablao Flamenco 1911: El Tablao Más Antiguo del Mundo,Tablao Flamenco 1911,World,2027-01-27,Tablao Flamenco 1911,"Pl. de Sta. Ana, 15, Centro,",28012,Madrid,Madrid,Spain,41.38152,1.56931
Tablao Flamenco 1911: El Tablao Más Antiguo del Mundo,Tablao Flamenco 1911,World,2027-01-28,Tablao Flamenco 1911,"Pl. de Sta. Ana, 15, Centro,",28012,Madrid,Madrid,Spain,41.38152,1.56931
Tablao Flamenco 1911: El Tablao Más Antiguo del Mundo,Tablao Flamenco 1911,World,2027-01-29,Tablao Flamenco 1911,"Pl. de Sta. Ana, 15, Centro,",28012,Madrid,Madrid,Spain,41.38152,1.56931
Tablao Flamenco 1911: El Tablao Más Antiguo del Mundo,Tablao Flamenco 1911,World,2027-01-30,Tablao Flamenco 1911,"Pl. de Sta. Ana, 15, Centro,",28012,Madrid,Madrid,Spain,41.38152,1.56931
Tablao Flamenco 1911: El Tablao Más Antiguo del Mundo,Tablao Flamenco 1911,World,2027-01-31,Tablao Flamenco 1911,"Pl. de Sta. Ana, 15, Centro,",28012,Madrid,Madrid,Spain,41.38152,1.56931
aespa LIVE TOUR – SYNK : COMPLæXITY – in BARCELONA,aespa,Rock,2027-01-31,Palau Sant Jordi,"Passeig Olímpic, 5-7",08038,Barcelona,Barcelona,Spain,41.36337,2.15259
Tablao Flamenco 1911: El Tablao Más Antiguo del Mundo,Tablao Flamenco 1911,World,2027-02-01,Tablao Flamenco 1911,"Pl. de Sta. Ana, 15, Centro,",28012,Madrid,Madrid,Spain,41.38152,1.56931
Tablao Flamenco 1911: El Tablao Más Antiguo del Mundo,Tablao Flamenco 1911,World,2027-02-02,Tablao Flamenco 1911,"Pl. de Sta. Ana, 15, Centro,",28012,Madrid,Madrid,Spain,41.38152,1.56931
Tablao Flamenco 1911: El Tablao Más Antiguo del Mundo,Tablao Flamenco 1911,World,2027-02-03,Tablao Flamenco 1911,"Pl. de Sta. Ana, 15, Centro,",28012,Madrid,Madrid,Spain,41.38152,1.56931
Tablao Flamenco 1911: El Tablao Más Antiguo del Mundo,Tablao Flamenco 1911,World,2027-02-04,Tablao Flamenco 1911,"Pl. de Sta. Ana, 15, Centro,",28012,Madrid,Madrid,Spain,41.38152,1.56931
Tablao Flamenco 1911: El Tablao Más Antiguo del Mundo,Tablao Flamenco 1911,World,2027-02-05,Tablao Flamenco 1911,"Pl. de Sta. Ana, 15, Centro,",28012,Madrid,Madrid,Spain,41.38152,1.56931
Tablao Flamenco 1911: El Tablao Más Antiguo del Mundo,Tablao Flamenco 1911,World,2027-02-06,Tablao Flamenco 1911,"Pl. de Sta. Ana, 15, Centro,",28012,Madrid,Madrid,Spain,41.38152,1.56931
Tablao Flamenco 1911: El Tablao Más Antiguo del Mundo,Tablao Flamenco 1911,World,2027-02-07,Tablao Flamenco 1911,"Pl. de Sta. Ana, 15, Centro,",28012,Madrid,Madrid,Spain,41.38152,1.56931
Tablao Flamenco 1911: El Tablao Más Antiguo del Mundo,Tablao Flamenco 1911,World,2027-02-08,Tablao Flamenco 1911,"Pl. de Sta. Ana, 15, Centro,",28012,Madrid,Madrid,Spain,41.38152,1.56931
Tablao Flamenco 1911: El Tablao Más Antiguo del Mundo,Tablao Flamenco 1911,World,2027-02-09,Tablao Flamenco 1911,"Pl. de Sta. Ana, 15, Centro,",28012,Madrid,Madrid,Spain,41.38152,1.56931
AMBLE - EUROPE 2027,Amble,Rock,2027-02-09,Sala But,"C. de Barceló, 11",28004,Madrid,Madrid,Spain,40.42703,-3.69969
Tablao Flamenco 1911: El Tablao Más Antiguo del Mundo,Tablao Flamenco 1911,World,2027-02-10,Tablao Flamenco 1911,"Pl. de Sta. Ana, 15, Centro,",28012,Madrid,Madrid,Spain,41.38152,1.56931
AMBLE - EUROPE 2027,Amble,Rock,2027-02-10,Sala Apolo,"C. Nou de la Rambla, 113",08004,Barcelona,Barcelona,Spain,41.37441,2.16953
Tablao Flamenco 1911: El Tablao Más Antiguo del Mundo,Tablao Flamenco 1911,World,2027-02-11,Tablao Flamenco 1911,"Pl. de Sta. Ana, 15, Centro,",28012,Madrid,Madrid,Spain,41.38152,1.56931
Tablao Flamenco 1911: El Tablao Más Antiguo del Mundo,Tablao Flamenco 1911,World,2027-02-12,Tablao Flamenco 1911,"Pl. de Sta. Ana, 15, Centro,",28012,Madrid,Madrid,Spain,41.38152,1.56931
ANABEL LEE - Todas las vidas - Granada,Anabel Lee,Rock,2027-02-12,RocknRolla Underground Club,"C. Gran Capitán, 25, Centro",18002,Granada,Granada,Spain,37.1773,-3.60543
Tablao Flamenco 1911: El Tablao Más Antiguo del Mundo,Tablao Flamenco 1911,World,2027-02-13,Tablao Flamenco 1911,"Pl. de Sta. Ana, 15, Centro,",28012,Madrid,Madrid,Spain,41.38152,1.56931
ELYELLA - Madrid - La Riviera (febrero),Elyella,Dance/Electronic,2027-02-13,La Riviera,"Paseo Bajo de la Virgen del Puerto, s/n",28005,Madrid,Madrid,Spain,40.413,-3.72215
Tablao Flamenco 1911: El Tablao Más Antiguo del Mundo,Tablao Flamenco 1911,World,2027-02-14,Tablao Flamenco 1911,"Pl. de Sta. Ana, 15, Centro,",28012,Madrid,Madrid,Spain,41.38152,1.56931
Tablao Flamenco 1911: El Tablao Más Antiguo del Mundo,Tablao Flamenco 1911,World,2027-02-15,Tablao Flamenco 1911,"Pl. de Sta. Ana, 15, Centro,",28012,Madrid,Madrid,Spain,41.38152,1.56931
Tablao Flamenco 1911: El Tablao Más Antiguo del Mundo,Tablao Flamenco 1911,World,2027-02-16,Tablao Flamenco 1911,"Pl. de Sta. Ana, 15, Centro,",28012,Madrid,Madrid,Spain,41.38152,1.56931
UNDERTALE - The Determination Symphony World Tour,UNDERTALE Symphony,Classical,2027-02-16,Paral·lel 62,"Av. del Paral.lel, 62",08001,Barcelona,Barcelona,Spain,41.3751,2.16973
Tablao Flamenco 1911: El Tablao Más Antiguo del Mundo,Tablao Flamenco 1911,World,2027-02-17,Tablao Flamenco 1911,"Pl. de Sta. Ana, 15, Centro,",28012,Madrid,Madrid,Spain,41.38152,1.56931
UNDERTALE - The Determination Symphony World Tour,UNDERTALE Symphony,Classical,2027-02-17,The Music Station Príncipe Pío,"Cuesta de San Vicente, 44",28008,Madrid,Madrid,Spain,40.42089,-3.71881
Tablao Flamenco 1911: El Tablao Más Antiguo del Mundo,Tablao Flamenco 1911,World,2027-02-18,Tablao Flamenco 1911,"Pl. de Sta. Ana, 15, Centro,",28012,Madrid,Madrid,Spain,41.38152,1.56931
Festa Presentació Vida Festival 2027: Axolotes Mexicanos + Balma,Vida Records & Friends; Vida Festival,Alternative,2027-02-18,Antiga Fàbrica Estrella Damm,"Carrer del Rosselló, 515",08025,Barcelona,Barcelona,Spain,41.40941,2.17799
UNDERTALE - The Determination Symphony World Tour,UNDERTALE Symphony,Classical,2027-02-18,The Music Station Príncipe Pío,"Cuesta de San Vicente, 44",28008,Madrid,Madrid,Spain,40.42089,-3.71881
Almost Monday - Thank God It's Almost Monday Tour,almost monday,Rock,2027-02-18,Sala Razzmatazz 2,"Carrer de Pamplona, 88",08018,Barcelona,Barcelona,Spain,41.39701,2.19147
Tablao Flamenco 1911: El Tablao Más Antiguo del Mundo,Tablao Flamenco 1911,World,2027-02-19,Tablao Flamenco 1911,"Pl. de Sta. Ana, 15, Centro,",28012,Madrid,Madrid,Spain,41.38152,1.56931
Almost Monday - Thank God It's Almost Monday Tour,almost monday,Rock,2027-02-19,Sala Wagon,"Estación de Chamartín, Planta Ático",28036,Madrid,Madrid,Spain,40.47144,-3.682
GINEBRAS - Donde nada es para tanto (Pamplona),Ginebras,Alternative,2027-02-19,Zentral,"C. Mercado de Santo Domingo, s/n",31001,Pamplona/Iruña,Navarre,Spain,42.81883,-1.64449
Tablao Flamenco 1911: El Tablao Más Antiguo del Mundo,Tablao Flamenco 1911,World,2027-02-20,Tablao Flamenco 1911,"Pl. de Sta. Ana, 15, Centro,",28012,Madrid,Madrid,Spain,41.38152,1.56931
GINEBRAS - Donde nada es para tanto (Bilbao),Ginebras,Alternative,2027-02-20,Kafe Antzokia,"C. San Vicente, 2",48001,Bilbao,Biscay,Spain,43.2636,-2.92773
Tablao Flamenco 1911: El Tablao Más Antiguo del Mundo,Tablao Flamenco 1911,World,2027-02-21,Tablao Flamenco 1911,"Pl. de Sta. Ana, 15, Centro,",28012,Madrid,Madrid,Spain,41.38152,1.56931
Tablao Flamenco 1911: El Tablao Más Antiguo del Mundo,Tablao Flamenco 1911,World,2027-02-22,Tablao Flamenco 1911,"Pl. de Sta. Ana, 15, Centro,",28012,Madrid,Madrid,Spain,41.38152,1.56931
Tablao Flamenco 1911: El Tablao Más Antiguo del Mundo,Tablao Flamenco 1911,World,2027-02-23,Tablao Flamenco 1911,"Pl. de Sta. Ana, 15, Centro,",28012,Madrid,Madrid,Spain,41.38152,1.56931
Tablao Flamenco 1911: El Tablao Más Antiguo del Mundo,Tablao Flamenco 1911,World,2027-02-24,Tablao Flamenco 1911,"Pl. de Sta. Ana, 15, Centro,",28012,Madrid,Madrid,Spain,41.38152,1.56931
Tablao Flamenco 1911: El Tablao Más Antiguo del Mundo,Tablao Flamenco 1911,World,2027-02-25,Tablao Flamenco 1911,"Pl. de Sta. Ana, 15, Centro,",28012,Madrid,Madrid,Spain,41.38152,1.56931
Tablao Flamenco 1911: El Tablao Más Antiguo del Mundo,Tablao Flamenco 1911,World,2027-02-26,Tablao Flamenco 1911,"Pl. de Sta. Ana, 15, Centro,",28012,Madrid,Madrid,Spain,41.38152,1.56931
GINEBRAS - Donde nada es para tanto (Zaragoza),Ginebras,Alternative,2027-02-26,Sala Oasis,"C. de Basilio Boggiero, 28",50003,Zaragoza,Saragossa,Spain,41.65511,-0.88565
Tablao Flamenco 1911: El Tablao Más Antiguo del Mundo,Tablao Flamenco 1911,World,2027-02-27,Tablao Flamenco 1911,"Pl. de Sta. Ana, 15, Centro,",28012,Madrid,Madrid,Spain,41.38152,1.56931
Tablao Flamenco 1911: El Tablao Más Antiguo del Mundo,Tablao Flamenco 1911,World,2027-02-28,Tablao Flamenco 1911,"Pl. de Sta. Ana, 15, Centro,",28012,Madrid,Madrid,Spain,41.38152,1.56931
Tablao Flamenco 1911: El Tablao Más Antiguo del Mundo,Tablao Flamenco 1911,World,2027-03-01,Tablao Flamenco 1911,"Pl. de Sta. Ana, 15, Centro,",28012,Madrid,Madrid,Spain,41.38152,1.56931
Julia Jacklin,Julia Jacklin,Rock,2027-03-01,La 2 de Apolo,"Carrer Nou de la Rambla, 113",08004,Barcelona,Barcelona,Spain,41.37441,2.16953
Tablao Flamenco 1911: El Tablao Más Antiguo del Mundo,Tablao Flamenco 1911,World,2027-03-02,Tablao Flamenco 1911,"Pl. de Sta. Ana, 15, Centro,",28012,Madrid,Madrid,Spain,41.38152,1.56931
Julia Jacklin,Julia Jacklin,Rock,2027-03-02,Sala Mon Live,"Calle Hilarión Eslava, 36",28015,Madrid,Madrid,Spain,40.4359,-3.7165
Tablao Flamenco 1911: El Tablao Más Antiguo del Mundo,Tablao Flamenco 1911,World,2027-03-03,Tablao Flamenco 1911,"Pl. de Sta. Ana, 15, Centro,",28012,Madrid,Madrid,Spain,41.38152,1.56931
Tablao Flamenco 1911: El Tablao Más Antiguo del Mundo,Tablao Flamenco 1911,World,2027-03-04,Tablao Flamenco 1911,"Pl. de Sta. Ana, 15, Centro,",28012,Madrid,Madrid,Spain,41.38152,1.56931
GINEBRAS - Donde nada es para tanto (Madrid) - 4 MARZO,Ginebras,Alternative,2027-03-04,La Riviera,"Paseo Bajo de la Virgen del Puerto, s/n",28005,Madrid,Madrid,Spain,40.413,-3.72215
Vida Records & Friends 2027: Parquesvr,Vida Records & Friends; Parquesvr,Alternative,2027-03-04,Sala Razzmatazz 1,"C. Almogàvers, 122",08018,Barcelona,Barcelona,Spain,41.39772,2.19111
Tablao Flamenco 1911: El Tablao Más Antiguo del Mundo,Tablao Flamenco 1911,World,2027-03-05,Tablao Flamenco 1911,"Pl. de Sta. Ana, 15, Centro,",28012,Madrid,Madrid,Spain,41.38152,1.56931
GINEBRAS - Donde nada es para tanto (Madrid) - 5 MARZO,Ginebras,Alternative,2027-03-05,La Riviera,"Paseo Bajo de la Virgen del Puerto, s/n",28005,Madrid,Madrid,Spain,40.413,-3.72215
Tablao Flamenco 1911: El Tablao Más Antiguo del Mundo,Tablao Flamenco 1911,World,2027-03-06,Tablao Flamenco 1911,"Pl. de Sta. Ana, 15, Centro,",28012,Madrid,Madrid,Spain,41.38152,1.56931
ANABEL LEE - Todas las vidas - Zaragoza,Anabel Lee,Rock,2027-03-06,La Lata de Bombillas,"Calle Espoz y Mina, 19",50003,Zaragoza,Saragossa,Spain,41.65492,-0.87853
Tablao Flamenco 1911: El Tablao Más Antiguo del Mundo,Tablao Flamenco 1911,World,2027-03-07,Tablao Flamenco 1911,"Pl. de Sta. Ana, 15, Centro,",28012,Madrid,Madrid,Spain,41.38152,1.56931
Tablao Flamenco 1911: El Tablao Más Antiguo del Mundo,Tablao Flamenco 1911,World,2027-03-08,Tablao Flamenco 1911,"Pl. de Sta. Ana, 15, Centro,",28012,Madrid,Madrid,Spain,41.38152,1.56931
Tablao Flamenco 1911: El Tablao Más Antiguo del Mundo,Tablao Flamenco 1911,World,2027-03-09,Tablao Flamenco 1911,"Pl. de Sta. Ana, 15, Centro,",28012,Madrid,Madrid,Spain,41.38152,1.56931
THE WARNING: Everything's Falling World Tour,The Warning,Rock,2027-03-09,Palacio Vistalegre,Acceso Sur. C/ Matilde Hernández s/n,28025,Madrid,Madrid,Spain,40.386,-3.7385
Tablao Flamenco 1911: El Tablao Más Antiguo del Mundo,Tablao Flamenco 1911,World,2027-03-10,Tablao Flamenco 1911,"Pl. de Sta. Ana, 15, Centro,",28012,Madrid,Madrid,Spain,41.38152,1.56931
THE WARNING: Everything's Falling World Tour,The Warning,Rock,2027-03-10,Sant Jordi Club,"Passeig Olímpic, 5-7",08038,Barcelona,Barcelona,Spain,41.36323,2.15257
MOYKA,Moyka,Rock,2027-03-10,Sala Villanos,"C. de Bernardino Obregón, 18",28012,Madrid,Madrid,Spain,40.40397,-3.78242
Tablao Flamenco 1911: El Tablao Más Antiguo del Mundo,Tablao Flamenco 1911,World,2027-03-11,Tablao Flamenco 1911,"Pl. de Sta. Ana, 15, Centro,",28012,Madrid,Madrid,Spain,41.38152,1.56931
Festa Presentació Vida 2027: Queralt Lahoz (acústic) + Mar Pujol,Vida Records & Friends; Vida Festival,Alternative,2027-03-11,Antiga Fàbrica Estrella Damm,"Carrer del Rosselló, 515",08025,Barcelona,Barcelona,Spain,41.40941,2.17799
Tablao Flamenco 1911: El Tablao Más Antiguo del Mundo,Tablao Flamenco 1911,World,2027-03-12,Tablao Flamenco 1911,"Pl. de Sta. Ana, 15, Centro,",28012,Madrid,Madrid,Spain,41.38152,1.56931
Tablao Flamenco 1911: El Tablao Más Antiguo del Mundo,Tablao Flamenco 1911,World,2027-03-13,Tablao Flamenco 1911,"Pl. de Sta. Ana, 15, Centro,",28012,Madrid,Madrid,Spain,41.38152,1.56931
ANABEL LEE - Todas las vidas - Murcia,Anabel Lee,Rock,2027-03-13,La Yesería,"C. Sta. Quiteria, 22",30003,Murcia,Murcia,Spain,37.98637,-1.1251
Tablao Flamenco 1911: El Tablao Más Antiguo del Mundo,Tablao Flamenco 1911,World,2027-03-14,Tablao Flamenco 1911,"Pl. de Sta. Ana, 15, Centro,",28012,Madrid,Madrid,Spain,41.38152,1.56931
KALEO - Way Down We Go Tour,KALEO,Rock,2027-03-14,Live Las Ventas,"Calle de Alcalá, 237",28028,Madrid,Madrid,Spain,40.43169,-3.66299
Squeeze,Squeeze,Rock,2027-03-14,Auditorio Roig Arena,"Calle Bomber Ramon Duart, 12",46013,Valencia,Valencia,Spain,39.44961,-0.36339
Tablao Flamenco 1911: El Tablao Más Antiguo del Mundo,Tablao Flamenco 1911,World,2027-03-15,Tablao Flamenco 1911,"Pl. de Sta. Ana, 15, Centro,",28012,Madrid,Madrid,Spain,41.38152,1.56931
KALEO - Way Down We Go Tour,KALEO,Rock,2027-03-15,Sala Razzmatazz 1,"C. Almogàvers, 122",08018,Barcelona,Barcelona,Spain,41.39772,2.19111
Tablao Flamenco 1911: El Tablao Más Antiguo del Mundo,Tablao Flamenco 1911,World,2027-03-16,Tablao Flamenco 1911,"Pl. de Sta. Ana, 15, Centro,",28012,Madrid,Madrid,Spain,41.38152,1.56931
Tablao Flamenco 1911: El Tablao Más Antiguo del Mundo,Tablao Flamenco 1911,World,2027-03-17,Tablao Flamenco 1911,"Pl. de Sta. Ana, 15, Centro,",28012,Madrid,Madrid,Spain,41.38152,1.56931
Tablao Flamenco 1911: El Tablao Más Antiguo del Mundo,Tablao Flamenco 1911,World,2027-03-18,Tablao Flamenco 1911,"Pl. de Sta. Ana, 15, Centro,",28012,Madrid,Madrid,Spain,41.38152,1.56931
Tablao Flamenco 1911: El Tablao Más Antiguo del Mundo,Tablao Flamenco 1911,World,2027-03-19,Tablao Flamenco 1911,"Pl. de Sta. Ana, 15, Centro,",28012,Madrid,Madrid,Spain,41.38152,1.56931
Tablao Flamenco 1911: El Tablao Más Antiguo del Mundo,Tablao Flamenco 1911,World,2027-03-20,Tablao Flamenco 1911,"Pl. de Sta. Ana, 15, Centro,",28012,Madrid,Madrid,Spain,41.38152,1.56931
Tablao Flamenco 1911: El Tablao Más Antiguo del Mundo,Tablao Flamenco 1911,World,2027-03-21,Tablao Flamenco 1911,"Pl. de Sta. Ana, 15, Centro,",28012,Madrid,Madrid,Spain,41.38152,1.56931
Tablao Flamenco 1911: El Tablao Más Antiguo del Mundo,Tablao Flamenco 1911,World,2027-03-22,Tablao Flamenco 1911,"Pl. de Sta. Ana, 15, Centro,",28012,Madrid,Madrid,Spain,41.38152,1.56931
Haiden Henderson - The Dumblond Tour,Haiden Henderson,Rock,2027-03-22,Independance Club,"Calle de Atocha, 125",28012,Madrid,Madrid,Spain,40.40966,-3.69262
BLANCO WHITE - UK & Europe 2027 tour,Blanco White,Alternative,2027-03-22,Paral·lel 62,"Av. del Paral.lel, 62",08001,Barcelona,Barcelona,Spain,41.3751,2.16973
Tablao Flamenco 1911: El Tablao Más Antiguo del Mundo,Tablao Flamenco 1911,World,2027-03-23,Tablao Flamenco 1911,"Pl. de Sta. Ana, 15, Centro,",28012,Madrid,Madrid,Spain,41.38152,1.56931
BLANCO WHITE - UK & Europe 2027 tour,Blanco White,Alternative,2027-03-23,Teatro Eslava,"C. del Arenal, 11",28013,Madrid,Madrid,Spain,40.41716,-3.70656
Tablao Flamenco 1911: El Tablao Más Antiguo del Mundo,Tablao Flamenco 1911,World,2027-03-24,Tablao Flamenco 1911,"Pl. de Sta. Ana, 15, Centro,",28012,Madrid,Madrid,Spain,41.38152,1.56931
Tablao Flamenco 1911: El Tablao Más Antiguo del Mundo,Tablao Flamenco 1911,World,2027-03-25,Tablao Flamenco 1911,"Pl. de Sta. Ana, 15, Centro,",28012,Madrid,Madrid,Spain,41.38152,1.56931
Tablao Flamenco 1911: El Tablao Más Antiguo del Mundo,Tablao Flamenco 1911,World,2027-03-26,Tablao Flamenco 1911,"Pl. de Sta. Ana, 15, Centro,",28012,Madrid,Madrid,Spain,41.38152,1.56931
Tablao Flamenco 1911: El Tablao Más Antiguo del Mundo,Tablao Flamenco 1911,World,2027-03-27,Tablao Flamenco 1911,"Pl. de Sta. Ana, 15, Centro,",28012,Madrid,Madrid,Spain,41.38152,1.56931
Tablao Flamenco 1911: El Tablao Más Antiguo del Mundo,Tablao Flamenco 1911,World,2027-03-28,Tablao Flamenco 1911,"Pl. de Sta. Ana, 15, Centro,",28012,Madrid,Madrid,Spain,41.38152,1.56931
Tablao Flamenco 1911: El Tablao Más Antiguo del Mundo,Tablao Flamenco 1911,World,2027-03-29,Tablao Flamenco 1911,"Pl. de Sta. Ana, 15, Centro,",28012,Madrid,Madrid,Spain,41.38152,1.56931
SIENNA SPIRO: My House Tour,SIENNA SPIRO,Rock,2027-03-29,Paral·lel 62,"Av. del Paral.lel, 62",08001,Barcelona,Barcelona,Spain,41.3751,2.16973
Tablao Flamenco 1911: El Tablao Más Antiguo del Mundo,Tablao Flamenco 1911,World,2027-03-30,Tablao Flamenco 1911,"Pl. de Sta. Ana, 15, Centro,",28012,Madrid,Madrid,Spain,41.38152,1.56931
SIENNA SPIRO: My House Tour,SIENNA SPIRO,Rock,2027-03-30,La Riviera,"Paseo Bajo de la Virgen del Puerto, s/n",28005,Madrid,Madrid,Spain,40.413,-3.72215
Tablao Flamenco 1911: El Tablao Más Antiguo del Mundo,Tablao Flamenco 1911,World,2027-03-31,Tablao Flamenco 1911,"Pl. de Sta. Ana, 15, Centro,",28012,Madrid,Madrid,Spain,41.38152,1.56931
Tablao Flamenco 1911: El Tablao Más Antiguo del Mundo,Tablao Flamenco 1911,World,2027-04-01,Tablao Flamenco 1911,"Pl. de Sta. Ana, 15, Centro,",28012,Madrid,Madrid,Spain,41.38152,1.56931
Tablao Flamenco 1911: El Tablao Más Antiguo del Mundo,Tablao Flamenco 1911,World,2027-04-02,Tablao Flamenco 1911,"Pl. de Sta. Ana, 15, Centro,",28012,Madrid,Madrid,Spain,41.38152,1.56931
Tablao Flamenco 1911: El Tablao Más Antiguo del Mundo,Tablao Flamenco 1911,World,2027-04-03,Tablao Flamenco 1911,"Pl. de Sta. Ana, 15, Centro,",28012,Madrid,Madrid,Spain,41.38152,1.56931
Tablao Flamenco 1911: El Tablao Más Antiguo del Mundo,Tablao Flamenco 1911,World,2027-04-04,Tablao Flamenco 1911,"Pl. de Sta. Ana, 15, Centro,",28012,Madrid,Madrid,Spain,41.38152,1.56931
Tablao Flamenco 1911: El Tablao Más Antiguo del Mundo,Tablao Flamenco 1911,World,2027-04-05,Tablao Flamenco 1911,"Pl. de Sta. Ana, 15, Centro,",28012,Madrid,Madrid,Spain,41.38152,1.56931
Tablao Flamenco 1911: El Tablao Más Antiguo del Mundo,Tablao Flamenco 1911,World,2027-04-06,Tablao Flamenco 1911,"Pl. de Sta. Ana, 15, Centro,",28012,Madrid,Madrid,Spain,41.38152,1.56931
JAKE BUGG - Alamo – Solo Acoustic Tour,Jake Bugg,Rock,2027-04-06,Teatro Eslava,"C. del Arenal, 11",28013,Madrid,Madrid,Spain,40.41716,-3.70656
Tablao Flamenco 1911: El Tablao Más Antiguo del Mundo,Tablao Flamenco 1911,World,2027-04-07,Tablao Flamenco 1911,"Pl. de Sta. Ana, 15, Centro,",28012,Madrid,Madrid,Spain,41.38152,1.56931
JAKE BUGG - Alamo – Solo Acoustic Tour,Jake Bugg,Rock,2027-04-07,La Paloma,"Carrer del Tigre, 27",08001,Barcelona,Barcelona,Spain,41.38239,2.16424
Tablao Flamenco 1911: El Tablao Más Antiguo del Mundo,Tablao Flamenco 1911,World,2027-04-08,Tablao Flamenco 1911,"Pl. de Sta. Ana, 15, Centro,",28012,Madrid,Madrid,Spain,41.38152,1.56931
Thirty Seconds to Mars Presents A Beautiful Lie vs This Is War | VIP,Thirty Seconds To Mars,Rock,2027-04-08,Movistar Arena,"Av. Felipe II, s/n",28009,Madrid,Madrid,Spain,40.42394,-3.6758
Thirty Seconds to Mars Presents A Beautiful Lie vs This Is War,Thirty Seconds To Mars,Rock,2027-04-08,Movistar Arena,"Av. Felipe II, s/n",28009,Madrid,Madrid,Spain,40.42394,-3.6758
Tablao Flamenco 1911: El Tablao Más Antiguo del Mundo,Tablao Flamenco 1911,World,2027-04-09,Tablao Flamenco 1911,"Pl. de Sta. Ana, 15, Centro,",28012,Madrid,Madrid,Spain,41.38152,1.56931
Thirty Seconds to Mars Presents A Beautiful Lie vs This Is War,Thirty Seconds To Mars,Rock,2027-04-09,Roig Arena,"C/ del Bomber Ramon Duart, 12",46013,Valencia,Valencia,Spain,39.44949,-0.3661
Thirty Seconds to Mars Presents A Beautiful Lie vs This Is War | VIP,Thirty Seconds To Mars,Rock,2027-04-09,Roig Arena,"C/ del Bomber Ramon Duart, 12",46013,Valencia,Valencia,Spain,39.44949,-0.3661
Tablao Flamenco 1911: El Tablao Más Antiguo del Mundo,Tablao Flamenco 1911,World,2027-04-10,Tablao Flamenco 1911,"Pl. de Sta. Ana, 15, Centro,",28012,Madrid,Madrid,Spain,41.38152,1.56931
Tablao Flamenco 1911: El Tablao Más Antiguo del Mundo,Tablao Flamenco 1911,World,2027-04-11,Tablao Flamenco 1911,"Pl. de Sta. Ana, 15, Centro,",28012,Madrid,Madrid,Spain,41.38152,1.56931
Tablao Flamenco 1911: El Tablao Más Antiguo del Mundo,Tablao Flamenco 1911,World,2027-04-12,Tablao Flamenco 1911,"Pl. de Sta. Ana, 15, Centro,",28012,Madrid,Madrid,Spain,41.38152,1.56931
Tablao Flamenco 1911: El Tablao Más Antiguo del Mundo,Tablao Flamenco 1911,World,2027-04-13,Tablao Flamenco 1911,"Pl. de Sta. Ana, 15, Centro,",28012,Madrid,Madrid,Spain,41.38152,1.56931
Tablao Flamenco 1911: El Tablao Más Antiguo del Mundo,Tablao Flamenco 1911,World,2027-04-14,Tablao Flamenco 1911,"Pl. de Sta. Ana, 15, Centro,",28012,Madrid,Madrid,Spain,41.38152,1.56931
Tablao Flamenco 1911: El Tablao Más Antiguo del Mundo,Tablao Flamenco 1911,World,2027-04-15,Tablao Flamenco 1911,"Pl. de Sta. Ana, 15, Centro,",28012,Madrid,Madrid,Spain,41.38152,1.56931
Tablao Flamenco 1911: El Tablao Más Antiguo del Mundo,Tablao Flamenco 1911,World,2027-04-16,Tablao Flamenco 1911,"Pl. de Sta. Ana, 15, Centro,",28012,Madrid,Madrid,Spain,41.38152,1.56931
Tablao Flamenco 1911: El Tablao Más Antiguo del Mundo,Tablao Flamenco 1911,World,2027-04-17,Tablao Flamenco 1911,"Pl. de Sta. Ana, 15, Centro,",28012,Madrid,Madrid,Spain,41.38152,1.56931
Tablao Flamenco 1911: El Tablao Más Antiguo del Mundo,Tablao Flamenco 1911,World,2027-04-18,Tablao Flamenco 1911,"Pl. de Sta. Ana, 15, Centro,",28012,Madrid,Madrid,Spain,41.38152,1.56931
Tablao Flamenco 1911: El Tablao Más Antiguo del Mundo,Tablao Flamenco 1911,World,2027-04-19,Tablao Flamenco 1911,"Pl. de Sta. Ana, 15, Centro,",28012,Madrid,Madrid,Spain,41.38152,1.56931
Tablao Flamenco 1911: El Tablao Más Antiguo del Mundo,Tablao Flamenco 1911,World,2027-04-20,Tablao Flamenco 1911,"Pl. de Sta. Ana, 15, Centro,",28012,Madrid,Madrid,Spain,41.38152,1.56931
Tablao Flamenco 1911: El Tablao Más Antiguo del Mundo,Tablao Flamenco 1911,World,2027-04-21,Tablao Flamenco 1911,"Pl. de Sta. Ana, 15, Centro,",28012,Madrid,Madrid,Spain,41.38152,1.56931
Tablao Flamenco 1911: El Tablao Más Antiguo del Mundo,Tablao Flamenco 1911,World,2027-04-22,Tablao Flamenco 1911,"Pl. de Sta. Ana, 15, Centro,",28012,Madrid,Madrid,Spain,41.38152,1.56931
Tablao Flamenco 1911: El Tablao Más Antiguo del Mundo,Tablao Flamenco 1911,World,2027-04-23,Tablao Flamenco 1911,"Pl. de Sta. Ana, 15, Centro,",28012,Madrid,Madrid,Spain,41.38152,1.56931
GINEBRAS - Donde nada es para tanto (Murcia),Ginebras,Alternative,2027-04-23,Mamba,"Carril Molino de Nelva, 10",30007,Murcia,Murcia,Spain,37.99402,-1.11687
Tablao Flamenco 1911: El Tablao Más Antiguo del Mundo,Tablao Flamenco 1911,World,2027-04-24,Tablao Flamenco 1911,"Pl. de Sta. Ana, 15, Centro,",28012,Madrid,Madrid,Spain,41.38152,1.56931
Tablao Flamenco 1911: El Tablao Más Antiguo del Mundo,Tablao Flamenco 1911,World,2027-04-25,Tablao Flamenco 1911,"Pl. de Sta. Ana, 15, Centro,",28012,Madrid,Madrid,Spain,41.38152,1.56931
Tablao Flamenco 1911: El Tablao Más Antiguo del Mundo,Tablao Flamenco 1911,World,2027-04-26,Tablao Flamenco 1911,"Pl. de Sta. Ana, 15, Centro,",28012,Madrid,Madrid,Spain,41.38152,1.56931
Tablao Flamenco 1911: El Tablao Más Antiguo del Mundo,Tablao Flamenco 1911,World,2027-04-27,Tablao Flamenco 1911,"Pl. de Sta. Ana, 15, Centro,",28012,Madrid,Madrid,Spain,41.38152,1.56931
Tablao Flamenco 1911: El Tablao Más Antiguo del Mundo,Tablao Flamenco 1911,World,2027-04-28,Tablao Flamenco 1911,"Pl. de Sta. Ana, 15, Centro,",28012,Madrid,Madrid,Spain,41.38152,1.56931
ANGÈLE - INSTINCT TOUR,Angèle,Rock,2027-04-28,Sant Jordi Club,"Passeig Olímpic, 5-7",08038,Barcelona,Barcelona,Spain,41.36323,2.15257
Tablao Flamenco 1911: El Tablao Más Antiguo del Mundo,Tablao Flamenco 1911,World,2027-04-29,Tablao Flamenco 1911,"Pl. de Sta. Ana, 15, Centro,",28012,Madrid,Madrid,Spain,41.38152,1.56931
Tablao Flamenco 1911: El Tablao Más Antiguo del Mundo,Tablao Flamenco 1911,World,2027-04-30,Tablao Flamenco 1911,"Pl. de Sta. Ana, 15, Centro,",28012,Madrid,Madrid,Spain,41.38152,1.56931
Tablao Flamenco 1911: El Tablao Más Antiguo del Mundo,Tablao Flamenco 1911,World,2027-05-01,Tablao Flamenco 1911,"Pl. de Sta. Ana, 15, Centro,",28012,Madrid,Madrid,Spain,41.38152,1.56931
Olivia Rodrigo: The Unraveled Tour,Olivia Rodrigo; Die Spitz,Rock,2027-05-01,Palau Sant Jordi,"Passeig Olímpic, 5-7",08038,Barcelona,Barcelona,Spain,41.36337,2.15259
Tablao Flamenco 1911: El Tablao Más Antiguo del Mundo,Tablao Flamenco 1911,World,2027-05-02,Tablao Flamenco 1911,"Pl. de Sta. Ana, 15, Centro,",28012,Madrid,Madrid,Spain,41.38152,1.56931
Olivia Rodrigo: The Unraveled Tour,Olivia Rodrigo; Die Spitz,Rock,2027-05-02,Palau Sant Jordi,"Passeig Olímpic, 5-7",08038,Barcelona,Barcelona,Spain,41.36337,2.15259
Tablao Flamenco 1911: El Tablao Más Antiguo del Mundo,Tablao Flamenco 1911,World,2027-05-03,Tablao Flamenco 1911,"Pl. de Sta. Ana, 15, Centro,",28012,Madrid,Madrid,Spain,41.38152,1.56931
Tablao Flamenco 1911: El Tablao Más Antiguo del Mundo,Tablao Flamenco 1911,World,2027-05-04,Tablao Flamenco 1911,"Pl. de Sta. Ana, 15, Centro,",28012,Madrid,Madrid,Spain,41.38152,1.56931
Tablao Flamenco 1911: El Tablao Más Antiguo del Mundo,Tablao Flamenco 1911,World,2027-05-05,Tablao Flamenco 1911,"Pl. de Sta. Ana, 15, Centro,",28012,Madrid,Madrid,Spain,41.38152,1.56931
Olivia Rodrigo: The Unraveled Tour,Olivia Rodrigo; Die Spitz,Rock,2027-05-05,Palau Sant Jordi,"Passeig Olímpic, 5-7",08038,Barcelona,Barcelona,Spain,41.36337,2.15259
Tablao Flamenco 1911: El Tablao Más Antiguo del Mundo,Tablao Flamenco 1911,World,2027-05-06,Tablao Flamenco 1911,"Pl. de Sta. Ana, 15, Centro,",28012,Madrid,Madrid,Spain,41.38152,1.56931
Olivia Rodrigo: The Unraveled Tour,Olivia Rodrigo; Die Spitz,Rock,2027-05-06,Palau Sant Jordi,"Passeig Olímpic, 5-7",08038,Barcelona,Barcelona,Spain,41.36337,2.15259
Tablao Flamenco 1911: El Tablao Más Antiguo del Mundo,Tablao Flamenco 1911,World,2027-05-07,Tablao Flamenco 1911,"Pl. de Sta. Ana, 15, Centro,",28012,Madrid,Madrid,Spain,41.38152,1.56931
Hilary Duff: the lucky me tour,Hilary Duff; Rebecca Black,Rock,2027-05-07,Movistar Arena,"Av. Felipe II, s/n",28009,Madrid,Madrid,Spain,40.42394,-3.6758
Tablao Flamenco 1911: El Tablao Más Antiguo del Mundo,Tablao Flamenco 1911,World,2027-05-08,Tablao Flamenco 1911,"Pl. de Sta. Ana, 15, Centro,",28012,Madrid,Madrid,Spain,41.38152,1.56931
Tablao Flamenco 1911: El Tablao Más Antiguo del Mundo,Tablao Flamenco 1911,World,2027-05-09,Tablao Flamenco 1911,"Pl. de Sta. Ana, 15, Centro,",28012,Madrid,Madrid,Spain,41.38152,1.56931
Tablao Flamenco 1911: El Tablao Más Antiguo del Mundo,Tablao Flamenco 1911,World,2027-05-10,Tablao Flamenco 1911,"Pl. de Sta. Ana, 15, Centro,",28012,Madrid,Madrid,Spain,41.38152,1.56931
Tablao Flamenco 1911: El Tablao Más Antiguo del Mundo,Tablao Flamenco 1911,World,2027-05-11,Tablao Flamenco 1911,"Pl. de Sta. Ana, 15, Centro,",28012,Madrid,Madrid,Spain,41.38152,1.56931
Tablao Flamenco 1911: El Tablao Más Antiguo del Mundo,Tablao Flamenco 1911,World,2027-05-12,Tablao Flamenco 1911,"Pl. de Sta. Ana, 15, Centro,",28012,Madrid,Madrid,Spain,41.38152,1.56931
Tablao Flamenco 1911: El Tablao Más Antiguo del Mundo,Tablao Flamenco 1911,World,2027-05-13,Tablao Flamenco 1911,"Pl. de Sta. Ana, 15, Centro,",28012,Madrid,Madrid,Spain,41.38152,1.56931
Tablao Flamenco 1911: El Tablao Más Antiguo del Mundo,Tablao Flamenco 1911,World,2027-05-14,Tablao Flamenco 1911,"Pl. de Sta. Ana, 15, Centro,",28012,Madrid,Madrid,Spain,41.38152,1.56931
Tablao Flamenco 1911: El Tablao Más Antiguo del Mundo,Tablao Flamenco 1911,World,2027-05-15,Tablao Flamenco 1911,"Pl. de Sta. Ana, 15, Centro,",28012,Madrid,Madrid,Spain,41.38152,1.56931
Tablao Flamenco 1911: El Tablao Más Antiguo del Mundo,Tablao Flamenco 1911,World,2027-05-16,Tablao Flamenco 1911,"Pl. de Sta. Ana, 15, Centro,",28012,Madrid,Madrid,Spain,41.38152,1.56931
Tablao Flamenco 1911: El Tablao Más Antiguo del Mundo,Tablao Flamenco 1911,World,2027-05-17,Tablao Flamenco 1911,"Pl. de Sta. Ana, 15, Centro,",28012,Madrid,Madrid,Spain,41.38152,1.56931
Tablao Flamenco 1911: El Tablao Más Antiguo del Mundo,Tablao Flamenco 1911,World,2027-05-18,Tablao Flamenco 1911,"Pl. de Sta. Ana, 15, Centro,",28012,Madrid,Madrid,Spain,41.38152,1.56931
Tablao Flamenco 1911: El Tablao Más Antiguo del Mundo,Tablao Flamenco 1911,World,2027-05-19,Tablao Flamenco 1911,"Pl. de Sta. Ana, 15, Centro,",28012,Madrid,Madrid,Spain,41.38152,1.56931
Tablao Flamenco 1911: El Tablao Más Antiguo del Mundo,Tablao Flamenco 1911,World,2027-05-20,Tablao Flamenco 1911,"Pl. de Sta. Ana, 15, Centro,",28012,Madrid,Madrid,Spain,41.38152,1.56931
Tablao Flamenco 1911: El Tablao Más Antiguo del Mundo,Tablao Flamenco 1911,World,2027-05-21,Tablao Flamenco 1911,"Pl. de Sta. Ana, 15, Centro,",28012,Madrid,Madrid,Spain,41.38152,1.56931
Tablao Flamenco 1911: El Tablao Más Antiguo del Mundo,Tablao Flamenco 1911,World,2027-05-22,Tablao Flamenco 1911,"Pl. de Sta. Ana, 15, Centro,",28012,Madrid,Madrid,Spain,41.38152,1.56931
Tablao Flamenco 1911: El Tablao Más Antiguo del Mundo,Tablao Flamenco 1911,World,2027-05-23,Tablao Flamenco 1911,"Pl. de Sta. Ana, 15, Centro,",28012,Madrid,Madrid,Spain,41.38152,1.56931
Tablao Flamenco 1911: El Tablao Más Antiguo del Mundo,Tablao Flamenco 1911,World,2027-05-24,Tablao Flamenco 1911,"Pl. de Sta. Ana, 15, Centro,",28012,Madrid,Madrid,Spain,41.38152,1.56931
Tablao Flamenco 1911: El Tablao Más Antiguo del Mundo,Tablao Flamenco 1911,World,2027-05-25,Tablao Flamenco 1911,"Pl. de Sta. Ana, 15, Centro,",28012,Madrid,Madrid,Spain,41.38152,1.56931
Tablao Flamenco 1911: El Tablao Más Antiguo del Mundo,Tablao Flamenco 1911,World,2027-05-26,Tablao Flamenco 1911,"Pl. de Sta. Ana, 15, Centro,",28012,Madrid,Madrid,Spain,41.38152,1.56931
Tablao Flamenco 1911: El Tablao Más Antiguo del Mundo,Tablao Flamenco 1911,World,2027-05-27,Tablao Flamenco 1911,"Pl. de Sta. Ana, 15, Centro,",28012,Madrid,Madrid,Spain,41.38152,1.56931
Gracie Abrams: The Look at My Life Tour,Gracie Abrams; Jake Minch,Rock,2027-05-27,Palau Sant Jordi,"Passeig Olímpic, 5-7",08038,Barcelona,Barcelona,Spain,41.36337,2.15259
Tablao Flamenco 1911: El Tablao Más Antiguo del Mundo,Tablao Flamenco 1911,World,2027-05-28,Tablao Flamenco 1911,"Pl. de Sta. Ana, 15, Centro,",28012,Madrid,Madrid,Spain,41.38152,1.56931
Gracie Abrams: The Look at My Life Tour,Gracie Abrams; Jake Minch,Rock,2027-05-28,Palau Sant Jordi,"Passeig Olímpic, 5-7",08038,Barcelona,Barcelona,Spain,41.36337,2.15259
Tablao Flamenco 1911: El Tablao Más Antiguo del Mundo,Tablao Flamenco 1911,World,2027-05-29,Tablao Flamenco 1911,"Pl. de Sta. Ana, 15, Centro,",28012,Madrid,Madrid,Spain,41.38152,1.56931
Tablao Flamenco 1911: El Tablao Más Antiguo del Mundo,Tablao Flamenco 1911,World,2027-05-30,Tablao Flamenco 1911,"Pl. de Sta. Ana, 15, Centro,",28012,Madrid,Madrid,Spain,41.38152,1.56931
Tablao Flamenco 1911: El Tablao Más Antiguo del Mundo,Tablao Flamenco 1911,World,2027-05-31,Tablao Flamenco 1911,"Pl. de Sta. Ana, 15, Centro,",28012,Madrid,Madrid,Spain,41.38152,1.56931
Tablao Flamenco 1911: El Tablao Más Antiguo del Mundo,Tablao Flamenco 1911,World,2027-06-01,Tablao Flamenco 1911,"Pl. de Sta. Ana, 15, Centro,",28012,Madrid,Madrid,Spain,41.38152,1.56931
Tablao Flamenco 1911: El Tablao Más Antiguo del Mundo,Tablao Flamenco 1911,World,2027-06-02,Tablao Flamenco 1911,"Pl. de Sta. Ana, 15, Centro,",28012,Madrid,Madrid,Spain,41.38152,1.56931
Tablao Flamenco 1911: El Tablao Más Antiguo del Mundo,Tablao Flamenco 1911,World,2027-06-03,Tablao Flamenco 1911,"Pl. de Sta. Ana, 15, Centro,",28012,Madrid,Madrid,Spain,41.38152,1.56931
KAROL G - VIAJANDO POR EL MUNDO TROPITOUR,Karol G,Latin,2027-06-03,Estadi Olímpic Lluis Companys,"Passeig Olímpic, 5-7",08038,Barcelona,Barcelona,Spain,41.36476,2.15565
Tablao Flamenco 1911: El Tablao Más Antiguo del Mundo,Tablao Flamenco 1911,World,2027-06-04,Tablao Flamenco 1911,"Pl. de Sta. Ana, 15, Centro,",28012,Madrid,Madrid,Spain,41.38152,1.56931
KAROL G - VIAJANDO POR EL MUNDO TROPITOUR,Karol G,Latin,2027-06-04,Estadi Olímpic Lluis Companys,"Passeig Olímpic, 5-7",08038,Barcelona,Barcelona,Spain,41.36476,2.15565
Tablao Flamenco 1911: El Tablao Más Antiguo del Mundo,Tablao Flamenco 1911,World,2027-06-05,Tablao Flamenco 1911,"Pl. de Sta. Ana, 15, Centro,",28012,Madrid,Madrid,Spain,41.38152,1.56931
Tablao Flamenco 1911: El Tablao Más Antiguo del Mundo,Tablao Flamenco 1911,World,2027-06-06,Tablao Flamenco 1911,"Pl. de Sta. Ana, 15, Centro,",28012,Madrid,Madrid,Spain,41.38152,1.56931
Tablao Flamenco 1911: El Tablao Más Antiguo del Mundo,Tablao Flamenco 1911,World,2027-06-07,Tablao Flamenco 1911,"Pl. de Sta. Ana, 15, Centro,",28012,Madrid,Madrid,Spain,41.38152,1.56931
Tablao Flamenco 1911: El Tablao Más Antiguo del Mundo,Tablao Flamenco 1911,World,2027-06-08,Tablao Flamenco 1911,"Pl. de Sta. Ana, 15, Centro,",28012,Madrid,Madrid,Spain,41.38152,1.56931
Tablao Flamenco 1911: El Tablao Más Antiguo del Mundo,Tablao Flamenco 1911,World,2027-06-09,Tablao Flamenco 1911,"Pl. de Sta. Ana, 15, Centro,",28012,Madrid,Madrid,Spain,41.38152,1.56931
Tablao Flamenco 1911: El Tablao Más Antiguo del Mundo,Tablao Flamenco 1911,World,2027-06-10,Tablao Flamenco 1911,"Pl. de Sta. Ana, 15, Centro,",28012,Madrid,Madrid,Spain,41.38152,1.56931
Tablao Flamenco 1911: El Tablao Más Antiguo del Mundo,Tablao Flamenco 1911,World,2027-06-11,Tablao Flamenco 1911,"Pl. de Sta. Ana, 15, Centro,",28012,Madrid,Madrid,Spain,41.38152,1.56931
KAROL G - VIAJANDO POR EL MUNDO TROPITOUR,Karol G,Latin,2027-06-11,Estadio La Cartuja de Sevilla,"Isla de la Cartuja, sector norte",41092,Sevilla,Seville,Spain,37.39861,-6.00722
Tablao Flamenco 1911: El Tablao Más Antiguo del Mundo,Tablao Flamenco 1911,World,2027-06-12,Tablao Flamenco 1911,"Pl. de Sta. Ana, 15, Centro,",28012,Madrid,Madrid,Spain,41.38152,1.56931
KAROL G - VIAJANDO POR EL MUNDO TROPITOUR,Karol G,Latin,2027-06-12,Estadio La Cartuja de Sevilla,"Isla de la Cartuja, sector norte",41092,Sevilla,Seville,Spain,37.39861,-6.00722
Tablao Flamenco 1911: El Tablao Más Antiguo del Mundo,Tablao Flamenco 1911,World,2027-06-13,Tablao Flamenco 1911,"Pl. de Sta. Ana, 15, Centro,",28012,Madrid,Madrid,Spain,41.38152,1.56931
KAROL G - VIAJANDO POR EL MUNDO TROPITOUR,Karol G,Latin,2027-06-13,Estadio La Cartuja de Sevilla,"Isla de la Cartuja, sector norte",41092,Sevilla,Seville,Spain,37.39861,-6.00722
Tablao Flamenco 1911: El Tablao Más Antiguo del Mundo,Tablao Flamenco 1911,World,2027-06-14,Tablao Flamenco 1911,"Pl. de Sta. Ana, 15, Centro,",28012,Madrid,Madrid,Spain,41.38152,1.56931
Tablao Flamenco 1911: El Tablao Más Antiguo del Mundo,Tablao Flamenco 1911,World,2027-06-15,Tablao Flamenco 1911,"Pl. de Sta. Ana, 15, Centro,",28012,Madrid,Madrid,Spain,41.38152,1.56931
Tablao Flamenco 1911: El Tablao Más Antiguo del Mundo,Tablao Flamenco 1911,World,2027-06-16,Tablao Flamenco 1911,"Pl. de Sta. Ana, 15, Centro,",28012,Madrid,Madrid,Spain,41.38152,1.56931
Tablao Flamenco 1911: El Tablao Más Antiguo del Mundo,Tablao Flamenco 1911,World,2027-06-17,Tablao Flamenco 1911,"Pl. de Sta. Ana, 15, Centro,",28012,Madrid,Madrid,Spain,41.38152,1.56931
Tablao Flamenco 1911: El Tablao Más Antiguo del Mundo,Tablao Flamenco 1911,World,2027-06-18,Tablao Flamenco 1911,"Pl. de Sta. Ana, 15, Centro,",28012,Madrid,Madrid,Spain,41.38152,1.56931
Tablao Flamenco 1911: El Tablao Más Antiguo del Mundo,Tablao Flamenco 1911,World,2027-06-19,Tablao Flamenco 1911,"Pl. de Sta. Ana, 15, Centro,",28012,Madrid,Madrid,Spain,41.38152,1.56931
Tablao Flamenco 1911: El Tablao Más Antiguo del Mundo,Tablao Flamenco 1911,World,2027-06-20,Tablao Flamenco 1911,"Pl. de Sta. Ana, 15, Centro,",28012,Madrid,Madrid,Spain,41.38152,1.56931
Tablao Flamenco 1911: El Tablao Más Antiguo del Mundo,Tablao Flamenco 1911,World,2027-06-21,Tablao Flamenco 1911,"Pl. de Sta. Ana, 15, Centro,",28012,Madrid,Madrid,Spain,41.38152,1.56931
Tablao Flamenco 1911: El Tablao Más Antiguo del Mundo,Tablao Flamenco 1911,World,2027-06-22,Tablao Flamenco 1911,"Pl. de Sta. Ana, 15, Centro,",28012,Madrid,Madrid,Spain,41.38152,1.56931
Tablao Flamenco 1911: El Tablao Más Antiguo del Mundo,Tablao Flamenco 1911,World,2027-06-23,Tablao Flamenco 1911,"Pl. de Sta. Ana, 15, Centro,",28012,Madrid,Madrid,Spain,41.38152,1.56931
Tablao Flamenco 1911: El Tablao Más Antiguo del Mundo,Tablao Flamenco 1911,World,2027-06-24,Tablao Flamenco 1911,"Pl. de Sta. Ana, 15, Centro,",28012,Madrid,Madrid,Spain,41.38152,1.56931
KAROL G - VIAJANDO POR EL MUNDO TROPITOUR,Karol G,Latin,2027-06-24,Estadio Riyadh Air Metropolitano,"Av. de Luis Aragonés, 4",28022,Madrid,Madrid,Spain,40.43624,-3.59947
Tablao Flamenco 1911: El Tablao Más Antiguo del Mundo,Tablao Flamenco 1911,World,2027-06-25,Tablao Flamenco 1911,"Pl. de Sta. Ana, 15, Centro,",28012,Madrid,Madrid,Spain,41.38152,1.56931
KAROL G - VIAJANDO POR EL MUNDO TROPITOUR,Karol G,Latin,2027-06-25,Estadio Riyadh Air Metropolitano,"Av. de Luis Aragonés, 4",28022,Madrid,Madrid,Spain,40.43624,-3.59947
Tablao Flamenco 1911: El Tablao Más Antiguo del Mundo,Tablao Flamenco 1911,World,2027-06-26,Tablao Flamenco 1911,"Pl. de Sta. Ana, 15, Centro,",28012,Madrid,Madrid,Spain,41.38152,1.56931
KAROL G - VIAJANDO POR EL MUNDO TROPITOUR,Karol G,Latin,2027-06-26,Estadio Riyadh Air Metropolitano,"Av. de Luis Aragonés, 4",28022,Madrid,Madrid,Spain,40.43624,-3.59947
Tablao Flamenco 1911: El Tablao Más Antiguo del Mundo,Tablao Flamenco 1911,World,2027-06-27,Tablao Flamenco 1911,"Pl. de Sta. Ana, 15, Centro,",28012,Madrid,Madrid,Spain,41.38152,1.56931
KAROL G - VIAJANDO POR EL MUNDO TROPITOUR,Karol G,Latin,2027-06-27,Estadio Riyadh Air Metropolitano,"Av. de Luis Aragonés, 4",28022,Madrid,Madrid,Spain,40.43624,-3.59947
Tablao Flamenco 1911: El Tablao Más Antiguo del Mundo,Tablao Flamenco 1911,World,2027-06-28,Tablao Flamenco 1911,"Pl. de Sta. Ana, 15, Centro,",28012,Madrid,Madrid,Spain,41.38152,1.56931
Tablao Flamenco 1911: El Tablao Más Antiguo del Mundo,Tablao Flamenco 1911,World,2027-06-29,Tablao Flamenco 1911,"Pl. de Sta. Ana, 15, Centro,",28012,Madrid,Madrid,Spain,41.38152,1.56931
Tablao Flamenco 1911: El Tablao Más Antiguo del Mundo,Tablao Flamenco 1911,World,2027-06-30,Tablao Flamenco 1911,"Pl. de Sta. Ana, 15, Centro,",28012,Madrid,Madrid,Spain,41.38152,1.56931
Vida Festival 2027,Vida Festival,Undefined,2027-07-03,Masia d'En Cabanyes,"Camí Ral, s/n",08800,Vilanova i la Geltrú,Barcelona,Spain,41.24155,1.71645
Oasis Live '27 | Ticket + Hotel Packages,Oasis; Richard Ashcroft,Rock,2027-07-10,Estadi Olímpic Lluis Companys,"Passeig Olímpic, 5-7",08038,Barcelona,Barcelona,Spain,41.36476,2.15565
Oasis Live '27,Oasis; Richard Ashcroft,Rock,2027-07-10,Estadi Olímpic Lluis Companys,"Passeig Olímpic, 5-7",08038,Barcelona,Barcelona,Spain,41.36476,2.15565
Oasis Live '27 | Ticket + Hotel Packages,Oasis; Richard Ashcroft,Rock,2027-07-11,Estadi Olímpic Lluis Companys,"Passeig Olímpic, 5-7",08038,Barcelona,Barcelona,Spain,41.36476,2.15565
Oasis Live '27,Oasis; Richard Ashcroft,Rock,2027-07-11,Estadi Olímpic Lluis Companys,"Passeig Olímpic, 5-7",08038,Barcelona,Barcelona,Spain,41.36476,2.15565
Take That - DREAMERS TOUR,Take That,Rock,2027-07-11,Marenostrum Fuengirola,Escenario Unicaja,29640,Fuengirola,Málaga,Spain,36.52359,-4.62928
"Harry Styles: Together, Together",Harry Styles; Feist,Rock,2027-07-30,Estadio Riyadh Air Metropolitano,"Av. de Luis Aragonés, 4",28022,Madrid,Madrid,Spain,40.43624,-3.59947
"Harry Styles: Together, Together",Harry Styles; Feist,Rock,2027-07-31,Estadio Riyadh Air Metropolitano,"Av. de Luis Aragonés, 4",28022,Madrid,Madrid,Spain,40.43624,-3.59947
"Harry Styles: Together, Together",Harry Styles; Feist,Rock,2027-08-02,Estadio Riyadh Air Metropolitano,"Av. de Luis Aragonés, 4",28022,Madrid,Madrid,Spain,40.43624,-3.59947
All Access Pass + Bus Super Early Bird - Circuit Festival 2027,Circuit Festival,Undefined,2027-08-15,Varios Recintos,,,Barcelona,Barcelona,Spain,41.38506,2.1734
F2F ES,El Temach,Rock,2027-09-10,Palau Sant Jordi,"Passeig Olímpic, 5-7",08038,Barcelona,Barcelona,Spain,41.36337,2.15259
Deacon Blue,Deacon Blue,Rock,2027-09-24,Auditorio Roig Arena,"Calle Bomber Ramon Duart, 12",46013,Valencia,Valencia,Spain,39.44961,-0.36339
Deacon Blue,Deacon Blue,Rock,2027-09-25,Sala Wagon,"Estación de Chamartín, Planta Ático",28036,Madrid,Madrid,Spain,40.47144,-3.682
Agnes Obel - The Meaning Of Flowers,Agnes Obel,Alternative,2027-10-19,Paral·lel 62,"Av. del Paral.lel, 62",08001,Barcelona,Barcelona,Spain,41.3751,2.16973
Agnes Obel - The Meaning Of Flowers,Agnes Obel,Alternative,2027-10-20,The Music Station Príncipe Pío,"Cuesta de San Vicente, 44",28008,Madrid,Madrid,Spain,40.42089,-3.71881
Steve Hackett,Steve Hackett,Rock,2027-11-02,The Music Station Príncipe Pío,"Cuesta de San Vicente, 44",28008,Madrid,Madrid,Spain,40.42089,-3.71881
Steve Hackett,Steve Hackett,Rock,2027-11-04,Paral·lel 62,"Av. del Paral.lel, 62",08001,Barcelona,Barcelona,Spain,41.3751,2.16973
